-- MySQL dump 10.13  Distrib 5.1.73, for redhat-linux-gnu (x86_64)
--
-- Host: localhost    Database: romantic
-- ------------------------------------------------------
-- Server version	5.1.73

/*!40101 SET @OLD_CHARACTER_SET_CLIENT=@@CHARACTER_SET_CLIENT */;
/*!40101 SET @OLD_CHARACTER_SET_RESULTS=@@CHARACTER_SET_RESULTS */;
/*!40101 SET @OLD_COLLATION_CONNECTION=@@COLLATION_CONNECTION */;
/*!40101 SET NAMES utf8 */;
/*!40103 SET @OLD_TIME_ZONE=@@TIME_ZONE */;
/*!40103 SET TIME_ZONE='+00:00' */;
/*!40014 SET @OLD_UNIQUE_CHECKS=@@UNIQUE_CHECKS, UNIQUE_CHECKS=0 */;
/*!40014 SET @OLD_FOREIGN_KEY_CHECKS=@@FOREIGN_KEY_CHECKS, FOREIGN_KEY_CHECKS=0 */;
/*!40101 SET @OLD_SQL_MODE=@@SQL_MODE, SQL_MODE='NO_AUTO_VALUE_ON_ZERO' */;
/*!40111 SET @OLD_SQL_NOTES=@@SQL_NOTES, SQL_NOTES=0 */;

--
-- Table structure for table `dress`
--

DROP TABLE IF EXISTS `dress`;
/*!40101 SET @saved_cs_client     = @@character_set_client */;
/*!40101 SET character_set_client = utf8 */;
CREATE TABLE `dress` (
  `id` int(11) NOT NULL AUTO_INCREMENT,
  `photoer_id` int(11) NOT NULL,
  `img_url` varchar(100) COLLATE utf8_bin NOT NULL,
  `type` int(11) DEFAULT NULL,
  `priority` int(11) DEFAULT '0',
  PRIMARY KEY (`id`)
) ENGINE=InnoDB AUTO_INCREMENT=81 DEFAULT CHARSET=utf8 COLLATE=utf8_bin;
/*!40101 SET character_set_client = @saved_cs_client */;

--
-- Dumping data for table `dress`
--

LOCK TABLES `dress` WRITE;
/*!40000 ALTER TABLE `dress` DISABLE KEYS */;
INSERT INTO `dress` VALUES (1,1,'images/dress_wedding_pic2.jpg',1,0),(2,1,'images/dress_wedding_pic2.jpg',1,0),(3,1,'images/dress_wedding_pic2.jpg',1,0),(4,1,'images/dress_wedding_pic2.jpg',1,0),(5,1,'images/dress_wedding_pic2.jpg',1,0),(6,1,'images/dress_wedding_pic2.jpg',1,0),(7,1,'images/dress_wedding_pic2.jpg',1,0),(8,1,'images/dress_wedding_pic2.jpg',1,0),(9,1,'images/dress_wedding_pic2.jpg',1,0),(10,1,'images/dress_wedding_pic2.jpg',1,0),(11,1,'images/dress_wedding_pic2.jpg',1,0),(12,1,'images/dress_wedding_pic2.jpg',1,0),(13,1,'images/dress_wedding_pic2.jpg',1,0),(14,1,'images/dress_wedding_pic2.jpg',1,0),(15,1,'images/dress_wedding_pic2.jpg',1,0),(16,1,'images/dress_wedding_pic2.jpg',1,0),(17,1,'images/dress_wedding_pic2.jpg',1,0),(18,1,'images/dress_wedding_pic2.jpg',1,0),(19,1,'images/dress_wedding_pic2.jpg',1,0),(20,1,'images/dress_wedding_pic2.jpg',1,0),(21,2,'images/dress_wedding_pic2.jpg',1,0),(22,2,'images/dress_wedding_pic2.jpg',1,0),(23,2,'images/dress_wedding_pic2.jpg',1,0),(24,2,'images/dress_wedding_pic2.jpg',1,0),(25,2,'images/dress_wedding_pic2.jpg',1,0),(26,2,'images/dress_wedding_pic2.jpg',1,0),(27,2,'images/dress_wedding_pic2.jpg',1,0),(28,2,'images/dress_wedding_pic2.jpg',1,0),(29,2,'images/dress_wedding_pic2.jpg',1,0),(30,2,'images/dress_wedding_pic2.jpg',1,0),(31,2,'images/dress_wedding_pic2.jpg',1,0),(32,2,'images/dress_wedding_pic2.jpg',1,0),(33,2,'images/dress_wedding_pic2.jpg',1,0),(34,2,'images/dress_wedding_pic2.jpg',1,0),(35,2,'images/dress_wedding_pic2.jpg',1,0),(36,2,'images/dress_wedding_pic2.jpg',1,0),(37,2,'images/dress_wedding_pic2.jpg',1,0),(38,2,'images/dress_wedding_pic2.jpg',1,0),(39,2,'images/dress_wedding_pic2.jpg',2,0),(40,2,'images/dress_wedding_pic2.jpg',2,0),(41,2,'images/dress_wedding_pic2.jpg',2,0),(42,2,'images/dress_wedding_pic2.jpg',2,0),(43,2,'images/dress_wedding_pic2.jpg',2,0),(44,2,'images/dress_wedding_pic2.jpg',2,0),(45,2,'images/dress_wedding_pic2.jpg',2,0),(46,2,'images/dress_wedding_pic2.jpg',2,0),(47,2,'images/dress_wedding_pic2.jpg',2,0),(48,2,'images/dress_wedding_pic2.jpg',2,0),(49,2,'images/dress_wedding_pic2.jpg',2,0),(50,2,'images/dress_wedding_pic2.jpg',2,0),(51,2,'images/dress_wedding_pic2.jpg',2,0),(52,2,'images/dress_wedding_pic2.jpg',2,0),(53,2,'images/dress_wedding_pic2.jpg',2,0),(54,2,'images/dress_wedding_pic2.jpg',2,0),(55,2,'images/dress_wedding_pic2.jpg',2,0),(56,2,'images/dress_wedding_pic2.jpg',2,0),(57,2,'images/dress_wedding_pic2.jpg',2,0),(58,2,'images/dress_wedding_pic2.jpg',2,0),(59,2,'images/dress_wedding_pic2.jpg',2,0),(60,2,'images/dress_wedding_pic2.jpg',2,0),(61,2,'images/dress_wedding_pic2.jpg',2,0),(62,2,'images/dress_wedding_pic2.jpg',3,0),(63,2,'images/dress_wedding_pic2.jpg',3,0),(64,2,'images/dress_wedding_pic2.jpg',3,0),(65,2,'images/dress_wedding_pic2.jpg',3,0),(66,2,'images/dress_wedding_pic2.jpg',3,0),(67,2,'images/dress_wedding_pic2.jpg',3,0),(68,2,'images/dress_wedding_pic2.jpg',3,0),(69,2,'images/dress_wedding_pic2.jpg',3,0),(70,2,'images/dress_wedding_pic2.jpg',3,0),(71,2,'images/dress_wedding_pic2.jpg',3,0),(72,2,'images/dress_wedding_pic2.jpg',3,0),(73,2,'images/dress_wedding_pic2.jpg',3,0),(74,2,'images/dress_wedding_pic2.jpg',3,0),(75,2,'images/dress_wedding_pic2.jpg',3,0),(76,2,'images/dress_wedding_pic2.jpg',3,0),(77,2,'images/dress_wedding_pic2.jpg',3,0),(78,2,'images/dress_wedding_pic2.jpg',3,0),(79,2,'images/dress_wedding_pic2.jpg',3,0),(80,2,'images/dress_wedding_pic2.jpg',3,0);
/*!40000 ALTER TABLE `dress` ENABLE KEYS */;
UNLOCK TABLES;

--
-- Table structure for table `makeup_makeer`
--

DROP TABLE IF EXISTS `makeup_makeer`;
/*!40101 SET @saved_cs_client     = @@character_set_client */;
/*!40101 SET character_set_client = utf8 */;
CREATE TABLE `makeup_makeer` (
  `id` int(11) NOT NULL AUTO_INCREMENT,
  `name` varchar(50) COLLATE utf8_bin NOT NULL,
  `degree` varchar(50) COLLATE utf8_bin NOT NULL,
  `img_url` varchar(200) COLLATE utf8_bin NOT NULL,
  `content` varchar(1000) COLLATE utf8_bin DEFAULT NULL,
  `priority` int(11) DEFAULT '0',
  PRIMARY KEY (`id`)
) ENGINE=InnoDB AUTO_INCREMENT=73 DEFAULT CHARSET=utf8 COLLATE=utf8_bin;
/*!40101 SET character_set_client = @saved_cs_client */;

--
-- Dumping data for table `makeup_makeer`
--

LOCK TABLES `makeup_makeer` WRITE;
/*!40000 ALTER TABLE `makeup_makeer` DISABLE KEYS */;
INSERT INTO `makeup_makeer` VALUES (58,'anna','资深化妆师','ftp://112.74.28.4/makeer/anna/icon/anna_icon.png','testing',100),(59,'annie','资深化妆师','ftp://112.74.28.4/makeer/annie/works/annie_icon.jpg','testing',0),(60,'cherry','资深化妆师','ftp://112.74.28.4/makeer/cherry/icon/cherry_icon.png','testing',100),(61,'coco','资深化妆师','ftp://112.74.28.4/makeer/coco/icon/coco_icon.jpg','testing',100),(62,'dandan','资深化妆师','ftp://112.74.28.4/makeer/dandan/icon/dandan_icon.jpg','testing',0),(63,'debbie','资深化妆师','ftp://112.74.28.4/makeer/debbie/icon/debbie_icon.png','testing',100),(64,'jami','资深化妆师','ftp://112.74.28.4/makeer/jami/icon/jami_icon.png','testing',100),(65,'judy','资深化妆师','ftp://112.74.28.4/makeer/judy/icon/judy_icon.png','testing',100),(66,'kebo','资深化妆师','ftp://112.74.28.4/makeer/kebo/icon/kebo_icon.png','testing',100),(67,'kiro','资深化妆师','ftp://112.74.28.4/makeer/kiro/icon/kiro_icon.jpg','testing',0),(68,'mon','资深化妆师','ftp://112.74.28.4/makeer/mon/icon/mon_icon.png','testing',100),(69,'pet','资深化妆师','ftp://112.74.28.4/makeer/pet/icon/pet_icon.jpg','testing',100),(70,'queenie','资深化妆师','ftp://112.74.28.4/makeer/queenie/icon/queenie_icon.png','testing',100),(71,'sue','资深化妆师','ftp://112.74.28.4/makeer/sue/icon/sue_icon.jpg','testing',100),(72,'suyi','资深化妆师','ftp://112.74.28.4/makeer/suyi/icon/suyi_icon.jpg','testing',0);
/*!40000 ALTER TABLE `makeup_makeer` ENABLE KEYS */;
UNLOCK TABLES;

--
-- Table structure for table `makeup_works`
--

DROP TABLE IF EXISTS `makeup_works`;
/*!40101 SET @saved_cs_client     = @@character_set_client */;
/*!40101 SET character_set_client = utf8 */;
CREATE TABLE `makeup_works` (
  `id` int(11) NOT NULL AUTO_INCREMENT,
  `makeer_id` int(11) NOT NULL,
  `date` date NOT NULL,
  `type` varchar(50) COLLATE utf8_bin NOT NULL,
  `img_url` varchar(100) COLLATE utf8_bin NOT NULL,
  `priority` int(11) DEFAULT '0',
  PRIMARY KEY (`id`)
) ENGINE=InnoDB AUTO_INCREMENT=1197 DEFAULT CHARSET=utf8 COLLATE=utf8_bin;
/*!40101 SET character_set_client = @saved_cs_client */;

--
-- Dumping data for table `makeup_works`
--

LOCK TABLES `makeup_works` WRITE;
/*!40000 ALTER TABLE `makeup_works` DISABLE KEYS */;
INSERT INTO `makeup_works` VALUES (837,58,'2015-08-27','','ftp://112.74.28.4/makeer/anna/works/IMG_0277.png',100),(838,58,'2015-08-27','','ftp://112.74.28.4/makeer/anna/works/IMG_1361.jpg',100),(839,58,'2015-08-27','','ftp://112.74.28.4/makeer/anna/works/IMG_1381.jpg',100),(840,58,'2015-08-27','','ftp://112.74.28.4/makeer/anna/works/IMG_1475.jpg',100),(841,58,'2015-08-27','','ftp://112.74.28.4/makeer/anna/works/IMG_9026.jpg',100),(842,58,'2015-08-27','','ftp://112.74.28.4/makeer/anna/works/IMG_9047.jpg',100),(843,58,'2015-08-27','','ftp://112.74.28.4/makeer/anna/works/IMG_9105.jpg',100),(844,58,'2015-08-27','','ftp://112.74.28.4/makeer/anna/works/IMG_9972.png',0),(846,59,'2015-08-27','','ftp://112.74.28.4/makeer/annie/works/image_1_.jpg',100),(847,59,'2015-08-27','','ftp://112.74.28.4/makeer/annie/works/image_2_.jpg',100),(848,59,'2015-08-27','','ftp://112.74.28.4/makeer/annie/works/image.jpg',100),(849,59,'2015-08-27','','ftp://112.74.28.4/makeer/annie/works/pic2.jpg',100),(850,60,'2015-08-27','','ftp://112.74.28.4/makeer/cherry/works/EB5A0890.png',100),(851,60,'2015-08-27','','ftp://112.74.28.4/makeer/cherry/works/EB5A0899.png',100),(852,60,'2015-08-27','','ftp://112.74.28.4/makeer/cherry/works/EB5A0970.png',100),(853,60,'2015-08-27','','ftp://112.74.28.4/makeer/cherry/works/EB5A0978.png',100),(854,60,'2015-08-27','','ftp://112.74.28.4/makeer/cherry/works/EB5A1024.png',100),(855,60,'2015-08-27','','ftp://112.74.28.4/makeer/cherry/works/EB5A1027.png',100),(856,60,'2015-08-27','','ftp://112.74.28.4/makeer/cherry/works/EB5A1099.png',100),(857,60,'2015-08-27','','ftp://112.74.28.4/makeer/cherry/works/EB5A1150.png',100),(858,60,'2015-08-27','','ftp://112.74.28.4/makeer/cherry/works/EB5A1187.png',0),(859,60,'2015-08-27','','ftp://112.74.28.4/makeer/cherry/works/EB5A1242.png',100),(860,60,'2015-08-27','','ftp://112.74.28.4/makeer/cherry/works/EB5A1308.png',100),(861,60,'2015-08-27','','ftp://112.74.28.4/makeer/cherry/works/EB5A1322.png',100),(862,61,'2015-08-27','','ftp://112.74.28.4/makeer/coco/works/IMG_0473.jpg',100),(863,61,'2015-08-27','','ftp://112.74.28.4/makeer/coco/works/IMG_0519.jpg',100),(864,61,'2015-08-27','','ftp://112.74.28.4/makeer/coco/works/IMG_0673.jpg',100),(865,61,'2015-08-27','','ftp://112.74.28.4/makeer/coco/works/IMG_0808.jpg',100),(866,61,'2015-08-27','','ftp://112.74.28.4/makeer/coco/works/IMG_0824.jpg',0),(867,61,'2015-08-27','','ftp://112.74.28.4/makeer/coco/works/IMG_0831.jpg',100),(868,61,'2015-08-27','','ftp://112.74.28.4/makeer/coco/works/IMG_0832.jpg',100),(869,61,'2015-08-27','','ftp://112.74.28.4/makeer/coco/works/IMG_1033.jpg',100),(870,61,'2015-08-27','','ftp://112.74.28.4/makeer/coco/works/IMG_1034.jpg',100),(871,61,'2015-08-27','','ftp://112.74.28.4/makeer/coco/works/IMG_1035.jpg',100),(872,61,'2015-08-27','','ftp://112.74.28.4/makeer/coco/works/IMG_1036.jpg',100),(873,61,'2015-08-27','','ftp://112.74.28.4/makeer/coco/works/IMG_1037.jpg',100),(874,61,'2015-08-27','','ftp://112.74.28.4/makeer/coco/works/IMG_1038.jpg',0),(875,61,'2015-08-27','','ftp://112.74.28.4/makeer/coco/works/IMG_1039.jpg',0),(876,61,'2015-08-27','','ftp://112.74.28.4/makeer/coco/works/IMG_1040.jpg',0),(877,61,'2015-08-27','','ftp://112.74.28.4/makeer/coco/works/IMG_1041.jpg',0),(878,61,'2015-08-27','','ftp://112.74.28.4/makeer/coco/works/IMG_1138.jpg',0),(879,61,'2015-08-27','','ftp://112.74.28.4/makeer/coco/works/IMG_1139.jpg',0),(880,61,'2015-08-27','','ftp://112.74.28.4/makeer/coco/works/IMG_1140.jpg',0),(881,61,'2015-08-27','','ftp://112.74.28.4/makeer/coco/works/IMG_1141.jpg',100),(882,61,'2015-08-27','','ftp://112.74.28.4/makeer/coco/works/IMG_1142.jpg',100),(883,61,'2015-08-27','','ftp://112.74.28.4/makeer/coco/works/IMG_1192.jpg',100),(884,61,'2015-08-27','','ftp://112.74.28.4/makeer/coco/works/IMG_1193.jpg',100),(885,61,'2015-08-27','','ftp://112.74.28.4/makeer/coco/works/IMG_1194.jpg',100),(886,61,'2015-08-27','','ftp://112.74.28.4/makeer/coco/works/IMG_1396.jpg',100),(887,61,'2015-08-27','','ftp://112.74.28.4/makeer/coco/works/IMG_1401.jpg',100),(888,61,'2015-08-27','','ftp://112.74.28.4/makeer/coco/works/IMG_1403.jpg',100),(889,61,'2015-08-27','','ftp://112.74.28.4/makeer/coco/works/IMG_1406.jpg',100),(890,61,'2015-08-27','','ftp://112.74.28.4/makeer/coco/works/IMG_1498.jpg',100),(891,61,'2015-08-27','','ftp://112.74.28.4/makeer/coco/works/IMG_1521.jpg',100),(892,61,'2015-08-27','','ftp://112.74.28.4/makeer/coco/works/IMG_1550.jpg',100),(893,61,'2015-08-27','','ftp://112.74.28.4/makeer/coco/works/IMG_1551.jpg',0),(894,61,'2015-08-27','','ftp://112.74.28.4/makeer/coco/works/IMG_1552.jpg',0),(895,61,'2015-08-27','','ftp://112.74.28.4/makeer/coco/works/IMG_1553.jpg',100),(896,61,'2015-08-27','','ftp://112.74.28.4/makeer/coco/works/IMG_1554.jpg',100),(897,61,'2015-08-27','','ftp://112.74.28.4/makeer/coco/works/IMG_1570.jpg',100),(898,61,'2015-08-27','','ftp://112.74.28.4/makeer/coco/works/IMG_1574.jpg',100),(899,61,'2015-08-27','','ftp://112.74.28.4/makeer/coco/works/IMG_1575.jpg',0),(900,61,'2015-08-27','','ftp://112.74.28.4/makeer/coco/works/IMG_1947.jpg',100),(901,61,'2015-08-27','','ftp://112.74.28.4/makeer/coco/works/IMG_1948.jpg',100),(902,61,'2015-08-27','','ftp://112.74.28.4/makeer/coco/works/IMG_1949.jpg',100),(903,61,'2015-08-27','','ftp://112.74.28.4/makeer/coco/works/IMG_1950.jpg',100),(904,61,'2015-08-27','','ftp://112.74.28.4/makeer/coco/works/IMG_1953.jpg',100),(905,61,'2015-08-27','','ftp://112.74.28.4/makeer/coco/works/IMG_2380.jpg',100),(906,61,'2015-08-27','','ftp://112.74.28.4/makeer/coco/works/IMG_2706.jpg',100),(907,61,'2015-08-27','','ftp://112.74.28.4/makeer/coco/works/IMG_2771.jpg',100),(908,61,'2015-08-27','','ftp://112.74.28.4/makeer/coco/works/IMG_2772.jpg',100),(909,61,'2015-08-27','','ftp://112.74.28.4/makeer/coco/works/IMG_2896.jpg',100),(910,61,'2015-08-27','','ftp://112.74.28.4/makeer/coco/works/IMG_2898.jpg',0),(911,61,'2015-08-27','','ftp://112.74.28.4/makeer/coco/works/IMG_2901.jpg',0),(912,61,'2015-08-27','','ftp://112.74.28.4/makeer/coco/works/IMG_2962.jpg',100),(913,61,'2015-08-27','','ftp://112.74.28.4/makeer/coco/works/IMG_2963.jpg',100),(914,61,'2015-08-27','','ftp://112.74.28.4/makeer/coco/works/IMG_2975.jpg',100),(915,61,'2015-08-27','','ftp://112.74.28.4/makeer/coco/works/IMG_4457.jpg',0),(916,61,'2015-08-27','','ftp://112.74.28.4/makeer/coco/works/IMG_4459.jpg',100),(917,62,'2015-08-27','','ftp://112.74.28.4/makeer/dandan/works/1010212070.jpg',100),(918,62,'2015-08-27','','ftp://112.74.28.4/makeer/dandan/works/1039213309.jpg',0),(919,62,'2015-08-27','','ftp://112.74.28.4/makeer/dandan/works/10.jpg',100),(920,62,'2015-08-27','','ftp://112.74.28.4/makeer/dandan/works/11.jpg',100),(921,62,'2015-08-27','','ftp://112.74.28.4/makeer/dandan/works/12.jpg',100),(922,62,'2015-08-27','','ftp://112.74.28.4/makeer/dandan/works/1375701687.jpg',100),(923,62,'2015-08-27','','ftp://112.74.28.4/makeer/dandan/works/1399064267.jpg',0),(924,62,'2015-08-27','','ftp://112.74.28.4/makeer/dandan/works/13.jpg',100),(925,62,'2015-08-27','','ftp://112.74.28.4/makeer/dandan/works/1450969473.jpg',100),(926,62,'2015-08-27','','ftp://112.74.28.4/makeer/dandan/works/14.jpg',100),(927,62,'2015-08-27','','ftp://112.74.28.4/makeer/dandan/works/15.jpg',100),(928,62,'2015-08-27','','ftp://112.74.28.4/makeer/dandan/works/1638085320.jpg',100),(929,62,'2015-08-27','','ftp://112.74.28.4/makeer/dandan/works/16.jpg',100),(930,62,'2015-08-27','','ftp://112.74.28.4/makeer/dandan/works/1751996062.jpg',0),(931,62,'2015-08-27','','ftp://112.74.28.4/makeer/dandan/works/1755278674.jpg',100),(932,62,'2015-08-27','','ftp://112.74.28.4/makeer/dandan/works/17.jpg',100),(933,62,'2015-08-27','','ftp://112.74.28.4/makeer/dandan/works/1843830130.jpg',0),(934,62,'2015-08-27','','ftp://112.74.28.4/makeer/dandan/works/1849379963.jpg',100),(935,62,'2015-08-27','','ftp://112.74.28.4/makeer/dandan/works/18.jpg',0),(936,62,'2015-08-27','','ftp://112.74.28.4/makeer/dandan/works/19.jpg',100),(937,62,'2015-08-27','','ftp://112.74.28.4/makeer/dandan/works/20.jpg',100),(938,62,'2015-08-27','','ftp://112.74.28.4/makeer/dandan/works/216898341.jpg',100),(939,62,'2015-08-27','','ftp://112.74.28.4/makeer/dandan/works/21.jpg',100),(940,62,'2015-08-27','','ftp://112.74.28.4/makeer/dandan/works/22.jpg',0),(941,62,'2015-08-27','','ftp://112.74.28.4/makeer/dandan/works/23.jpg',0),(942,62,'2015-08-27','','ftp://112.74.28.4/makeer/dandan/works/24.jpg',100),(943,62,'2015-08-27','','ftp://112.74.28.4/makeer/dandan/works/25.jpg',0),(944,62,'2015-08-27','','ftp://112.74.28.4/makeer/dandan/works/260898588.jpg',0),(945,62,'2015-08-27','','ftp://112.74.28.4/makeer/dandan/works/26.jpg',0),(946,62,'2015-08-27','','ftp://112.74.28.4/makeer/dandan/works/27.jpg',100),(947,62,'2015-08-27','','ftp://112.74.28.4/makeer/dandan/works/29.jpg',100),(948,62,'2015-08-27','','ftp://112.74.28.4/makeer/dandan/works/40195010.jpg',0),(949,62,'2015-08-27','','ftp://112.74.28.4/makeer/dandan/works/460235323.jpg',0),(950,62,'2015-08-27','','ftp://112.74.28.4/makeer/dandan/works/591460199.jpg',100),(951,62,'2015-08-27','','ftp://112.74.28.4/makeer/dandan/works/5.jpg.jpg',100),(952,62,'2015-08-27','','ftp://112.74.28.4/makeer/dandan/works/6.jpg',100),(953,62,'2015-08-27','','ftp://112.74.28.4/makeer/dandan/works/7.jpg',100),(954,62,'2015-08-27','','ftp://112.74.28.4/makeer/dandan/works/8.jpg',100),(955,62,'2015-08-27','','ftp://112.74.28.4/makeer/dandan/works/928818837.jpg',100),(956,62,'2015-08-27','','ftp://112.74.28.4/makeer/dandan/works/999182793.jpg',100),(957,62,'2015-08-27','','ftp://112.74.28.4/makeer/dandan/works/9.jpg',100),(958,62,'2015-08-27','','ftp://112.74.28.4/makeer/dandan/works/1.jpg.png',100),(959,62,'2015-08-27','','ftp://112.74.28.4/makeer/dandan/works/28.png',100),(960,62,'2015-08-27','','ftp://112.74.28.4/makeer/dandan/works/2.jpg.png',100),(961,62,'2015-08-27','','ftp://112.74.28.4/makeer/dandan/works/30.png',100),(962,62,'2015-08-27','','ftp://112.74.28.4/makeer/dandan/works/31.png',100),(963,62,'2015-08-27','','ftp://112.74.28.4/makeer/dandan/works/3.jpg.png',100),(964,62,'2015-08-27','','ftp://112.74.28.4/makeer/dandan/works/4.jpg.png',100),(965,63,'2015-08-27','','ftp://112.74.28.4/makeer/debbie/works/DIA_8658.png',100),(966,63,'2015-08-27','','ftp://112.74.28.4/makeer/debbie/works/DIA_8793.png',100),(967,63,'2015-08-27','','ftp://112.74.28.4/makeer/debbie/works/DIA_8802.png',100),(968,63,'2015-08-27','','ftp://112.74.28.4/makeer/debbie/works/DIA_8843.png',100),(969,63,'2015-08-27','','ftp://112.74.28.4/makeer/debbie/works/DIA_8848.png',100),(970,63,'2015-08-27','','ftp://112.74.28.4/makeer/debbie/works/DIA_8877.png',100),(971,63,'2015-08-27','','ftp://112.74.28.4/makeer/debbie/works/DIA_8937.png',100),(972,63,'2015-08-27','','ftp://112.74.28.4/makeer/debbie/works/DIA_8962.png',100),(973,63,'2015-08-27','','ftp://112.74.28.4/makeer/debbie/works/DIA_9039.png',100),(974,63,'2015-08-27','','ftp://112.74.28.4/makeer/debbie/works/IMG_0287.png',0),(975,63,'2015-08-27','','ftp://112.74.28.4/makeer/debbie/works/IMG_0438.png',100),(976,63,'2015-08-27','','ftp://112.74.28.4/makeer/debbie/works/IMG_9998.png',100),(977,63,'2015-08-27','','ftp://112.74.28.4/makeer/debbie/works/IMG_0016.jpg',0),(978,63,'2015-08-27','','ftp://112.74.28.4/makeer/debbie/works/IMG_0137.jpg',100),(979,63,'2015-08-27','','ftp://112.74.28.4/makeer/debbie/works/IMG_0357.jpg',100),(980,63,'2015-08-27','','ftp://112.74.28.4/makeer/debbie/works/IMG_0452.jpg',100),(981,63,'2015-08-27','','ftp://112.74.28.4/makeer/debbie/works/mmexport1416192927069_mh1416365913870.jpg',100),(982,64,'2015-08-27','','ftp://112.74.28.4/makeer/jami/works/IMG_0390.png',100),(983,64,'2015-08-27','','ftp://112.74.28.4/makeer/jami/works/IMG_0427.png',100),(984,64,'2015-08-27','','ftp://112.74.28.4/makeer/jami/works/IMG_0612.png',100),(985,64,'2015-08-27','','ftp://112.74.28.4/makeer/jami/works/IMG_0623.png',100),(986,64,'2015-08-27','','ftp://112.74.28.4/makeer/jami/works/IMG_1959.png',100),(987,64,'2015-08-27','','ftp://112.74.28.4/makeer/jami/works/IMG_1976.png',100),(988,64,'2015-08-27','','ftp://112.74.28.4/makeer/jami/works/IMG_9351.png',100),(989,64,'2015-08-27','','ftp://112.74.28.4/makeer/jami/works/IMG_9367-21.png',100),(990,64,'2015-08-27','','ftp://112.74.28.4/makeer/jami/works/IMG_93d51.png',100),(991,64,'2015-08-27','','ftp://112.74.28.4/makeer/jami/works/IMG_9670.png',100),(992,64,'2015-08-27','','ftp://112.74.28.4/makeer/jami/works/IMG_9694.png',100),(993,64,'2015-08-27','','ftp://112.74.28.4/makeer/jami/works/IMG_9701.png',100),(994,64,'2015-08-27','','ftp://112.74.28.4/makeer/jami/works/IMG_9965.png',100),(995,65,'2015-08-27','','ftp://112.74.28.4/makeer/judy/works/1625606952.jpg',100),(996,65,'2015-08-27','','ftp://112.74.28.4/makeer/judy/works/1625606954.jpg',100),(997,65,'2015-08-27','','ftp://112.74.28.4/makeer/judy/works/1625606956.jpg',100),(998,65,'2015-08-27','','ftp://112.74.28.4/makeer/judy/works/1625606958.jpg',100),(999,65,'2015-08-27','','ftp://112.74.28.4/makeer/judy/works/1625606959.jpg',100),(1000,65,'2015-08-27','','ftp://112.74.28.4/makeer/judy/works/1625606960.jpg',100),(1001,65,'2015-08-27','','ftp://112.74.28.4/makeer/judy/works/1625607172.jpg',100),(1002,65,'2015-08-27','','ftp://112.74.28.4/makeer/judy/works/EB5A8796.png',100),(1003,65,'2015-08-27','','ftp://112.74.28.4/makeer/judy/works/EB5A8880.png',100),(1004,65,'2015-08-27','','ftp://112.74.28.4/makeer/judy/works/EB5A8975.png',100),(1005,65,'2015-08-27','','ftp://112.74.28.4/makeer/judy/works/EB5A9021.png',100),(1006,65,'2015-08-27','','ftp://112.74.28.4/makeer/judy/works/EB5A9025.png',100),(1007,65,'2015-08-27','','ftp://112.74.28.4/makeer/judy/works/EB5A9062.png',100),(1008,65,'2015-08-27','','ftp://112.74.28.4/makeer/judy/works/EB5A9080.png',100),(1009,65,'2015-08-27','','ftp://112.74.28.4/makeer/judy/works/EB5A9085.png',100),(1010,66,'2015-08-27','','ftp://112.74.28.4/makeer/kebo/works/1623428268.jpg',100),(1011,66,'2015-08-27','','ftp://112.74.28.4/makeer/kebo/works/1623428269.jpg',100),(1012,66,'2015-08-27','','ftp://112.74.28.4/makeer/kebo/works/1623428270.jpg',100),(1013,66,'2015-08-27','','ftp://112.74.28.4/makeer/kebo/works/1623428276.jpg',100),(1014,66,'2015-08-27','','ftp://112.74.28.4/makeer/kebo/works/1623428282.jpg',100),(1015,66,'2015-08-27','','ftp://112.74.28.4/makeer/kebo/works/1623428284.jpg',100),(1016,66,'2015-08-27','','ftp://112.74.28.4/makeer/kebo/works/1623428405.jpg',100),(1017,66,'2015-08-27','','ftp://112.74.28.4/makeer/kebo/works/1623428406.jpg',100),(1018,66,'2015-08-27','','ftp://112.74.28.4/makeer/kebo/works/1623428407.jpg',100),(1019,66,'2015-08-27','','ftp://112.74.28.4/makeer/kebo/works/1623428408.jpg',100),(1020,66,'2015-08-27','','ftp://112.74.28.4/makeer/kebo/works/1623428417.jpg',100),(1021,66,'2015-08-27','','ftp://112.74.28.4/makeer/kebo/works/1623428418.jpg',100),(1022,67,'2015-08-27','','ftp://112.74.28.4/makeer/kiro/works/IMG_7668.jpg',100),(1023,67,'2015-08-27','','ftp://112.74.28.4/makeer/kiro/works/IMG_7669.jpg',100),(1024,67,'2015-08-27','','ftp://112.74.28.4/makeer/kiro/works/IMG_7671.jpg',100),(1025,67,'2015-08-27','','ftp://112.74.28.4/makeer/kiro/works/IMG_8858.jpg',100),(1026,67,'2015-08-27','','ftp://112.74.28.4/makeer/kiro/works/IMG_8869.jpg',100),(1027,67,'2015-08-27','','ftp://112.74.28.4/makeer/kiro/works/IMG_8873.jpg',100),(1028,67,'2015-08-27','','ftp://112.74.28.4/makeer/kiro/works/IMG_8874.jpg',100),(1029,67,'2015-08-27','','ftp://112.74.28.4/makeer/kiro/works/IMG_8875.jpg',0),(1030,67,'2015-08-27','','ftp://112.74.28.4/makeer/kiro/works/IMG_8890.jpg',100),(1031,67,'2015-08-27','','ftp://112.74.28.4/makeer/kiro/works/IMG_8893.jpg',100),(1032,67,'2015-08-27','','ftp://112.74.28.4/makeer/kiro/works/IMG_8894.jpg',100),(1033,67,'2015-08-27','','ftp://112.74.28.4/makeer/kiro/works/IMG_8905.jpg',100),(1034,67,'2015-08-27','','ftp://112.74.28.4/makeer/kiro/works/IMG_8906.jpg',0),(1035,67,'2015-08-27','','ftp://112.74.28.4/makeer/kiro/works/IMG_8907.jpg',100),(1036,67,'2015-08-27','','ftp://112.74.28.4/makeer/kiro/works/IMG_8913.jpg',100),(1037,67,'2015-08-27','','ftp://112.74.28.4/makeer/kiro/works/IMG_8915.jpg',100),(1038,67,'2015-08-27','','ftp://112.74.28.4/makeer/kiro/works/IMG_8967.jpg',100),(1039,67,'2015-08-27','','ftp://112.74.28.4/makeer/kiro/works/IMG_8978.jpg',100),(1040,67,'2015-08-27','','ftp://112.74.28.4/makeer/kiro/works/IMG_8985.jpg',100),(1041,67,'2015-08-27','','ftp://112.74.28.4/makeer/kiro/works/IMG_8994.jpg',100),(1042,67,'2015-08-27','','ftp://112.74.28.4/makeer/kiro/works/IMG_8995.jpg',100),(1043,67,'2015-08-27','','ftp://112.74.28.4/makeer/kiro/works/IMG_8999.jpg',100),(1044,67,'2015-08-27','','ftp://112.74.28.4/makeer/kiro/works/IMG_9001.jpg',100),(1045,67,'2015-08-27','','ftp://112.74.28.4/makeer/kiro/works/IMG_9019.jpg',100),(1046,67,'2015-08-27','','ftp://112.74.28.4/makeer/kiro/works/IMG_9022.jpg',100),(1047,67,'2015-08-27','','ftp://112.74.28.4/makeer/kiro/works/IMG_9023.jpg',100),(1048,67,'2015-08-27','','ftp://112.74.28.4/makeer/kiro/works/IMG_9071.jpg',100),(1049,67,'2015-08-27','','ftp://112.74.28.4/makeer/kiro/works/IMG_9072.jpg',100),(1050,67,'2015-08-27','','ftp://112.74.28.4/makeer/kiro/works/IMG_9082.jpg',100),(1051,67,'2015-08-27','','ftp://112.74.28.4/makeer/kiro/works/IMG_9083.jpg',100),(1052,67,'2015-08-27','','ftp://112.74.28.4/makeer/kiro/works/IMG_9089.jpg',100),(1053,67,'2015-08-27','','ftp://112.74.28.4/makeer/kiro/works/IMG_9094.jpg',100),(1054,67,'2015-08-27','','ftp://112.74.28.4/makeer/kiro/works/IMG_9095.jpg',100),(1055,67,'2015-08-27','','ftp://112.74.28.4/makeer/kiro/works/IMG_9099.jpg',100),(1056,67,'2015-08-27','','ftp://112.74.28.4/makeer/kiro/works/IMG_9122.jpg',100),(1057,67,'2015-08-27','','ftp://112.74.28.4/makeer/kiro/works/IMG_9162.jpg',100),(1058,67,'2015-08-27','','ftp://112.74.28.4/makeer/kiro/works/IMG_9163.jpg',0),(1059,67,'2015-08-27','','ftp://112.74.28.4/makeer/kiro/works/IMG_9164.jpg',0),(1060,67,'2015-08-27','','ftp://112.74.28.4/makeer/kiro/works/IMG_9165.jpg',100),(1061,67,'2015-08-27','','ftp://112.74.28.4/makeer/kiro/works/IMG_9172.jpg',100),(1062,67,'2015-08-27','','ftp://112.74.28.4/makeer/kiro/works/IMG_9173.jpg',0),(1063,67,'2015-08-27','','ftp://112.74.28.4/makeer/kiro/works/IMG_9174.jpg',0),(1064,67,'2015-08-27','','ftp://112.74.28.4/makeer/kiro/works/IMG_9175.jpg',100),(1065,67,'2015-08-27','','ftp://112.74.28.4/makeer/kiro/works/IMG_9176.jpg',100),(1066,67,'2015-08-27','','ftp://112.74.28.4/makeer/kiro/works/IMG_9177.jpg',100),(1067,67,'2015-08-27','','ftp://112.74.28.4/makeer/kiro/works/IMG_9178.jpg',100),(1068,68,'2015-08-27','','ftp://112.74.28.4/makeer/mon/works/IMG_7367-2.png',100),(1069,68,'2015-08-27','','ftp://112.74.28.4/makeer/mon/works/IMG_7450.png',100),(1070,68,'2015-08-27','','ftp://112.74.28.4/makeer/mon/works/IMG_7457-2.png',100),(1071,68,'2015-08-27','','ftp://112.74.28.4/makeer/mon/works/IMG_7490-2.png',100),(1072,68,'2015-08-27','','ftp://112.74.28.4/makeer/mon/works/IMG_7509-2.png',100),(1073,68,'2015-08-27','','ftp://112.74.28.4/makeer/mon/works/IMG_8546.png',100),(1074,68,'2015-08-27','','ftp://112.74.28.4/makeer/mon/works/IMG_8664-2.png',100),(1075,68,'2015-08-27','','ftp://112.74.28.4/makeer/mon/works/IMG_8748-2.png',100),(1076,68,'2015-08-27','','ftp://112.74.28.4/makeer/mon/works/IMG_8833-2.png',100),(1077,68,'2015-08-27','','ftp://112.74.28.4/makeer/mon/works/IMG_8844-2.png',100),(1088,70,'2015-08-27','','ftp://112.74.28.4/makeer/queenie/works/IMG_0018.png',100),(1089,70,'2015-08-27','','ftp://112.74.28.4/makeer/queenie/works/IMG_0094.png',0),(1090,70,'2015-08-27','','ftp://112.74.28.4/makeer/queenie/works/IMG_0117.png',0),(1091,70,'2015-08-27','','ftp://112.74.28.4/makeer/queenie/works/IMG_0486.png',100),(1092,70,'2015-08-27','','ftp://112.74.28.4/makeer/queenie/works/IMG_8429.png',100),(1093,70,'2015-08-27','','ftp://112.74.28.4/makeer/queenie/works/IMG_8432.png',100),(1094,70,'2015-08-27','','ftp://112.74.28.4/makeer/queenie/works/IMG_8443.png',100),(1095,70,'2015-08-27','','ftp://112.74.28.4/makeer/queenie/works/IMG_9848.png',100),(1096,70,'2015-08-27','','ftp://112.74.28.4/makeer/queenie/works/IMG_9852.png',100),(1097,70,'2015-08-27','','ftp://112.74.28.4/makeer/queenie/works/IMG_9950.png',100),(1098,69,'2015-08-27','','ftp://112.74.28.4/makeer/pet/works/IMG_1210.jpg',100),(1099,69,'2015-08-27','','ftp://112.74.28.4/makeer/pet/works/IMG_1212.jpg',100),(1100,69,'2015-08-27','','ftp://112.74.28.4/makeer/pet/works/IMG_1214.jpg',100),(1101,69,'2015-08-27','','ftp://112.74.28.4/makeer/pet/works/IMG_1215.jpg',100),(1102,69,'2015-08-27','','ftp://112.74.28.4/makeer/pet/works/IMG_1216.jpg',100),(1103,69,'2015-08-27','','ftp://112.74.28.4/makeer/pet/works/IMG_1217.jpg',100),(1104,69,'2015-08-27','','ftp://112.74.28.4/makeer/pet/works/IMG_1219.jpg',100),(1105,69,'2015-08-27','','ftp://112.74.28.4/makeer/pet/works/IMG_1220.jpg',100),(1106,69,'2015-08-27','','ftp://112.74.28.4/makeer/pet/works/IMG_1221.jpg',100),(1107,69,'2015-08-27','','ftp://112.74.28.4/makeer/pet/works/IMG_1224.jpg',100),(1108,69,'2015-08-27','','ftp://112.74.28.4/makeer/pet/works/IMG_1225.jpg',100),(1109,69,'2015-08-27','','ftp://112.74.28.4/makeer/pet/works/IMG_1226.jpg',100),(1110,69,'2015-08-27','','ftp://112.74.28.4/makeer/pet/works/IMG_1228.jpg',100),(1111,69,'2015-08-27','','ftp://112.74.28.4/makeer/pet/works/IMG_1230.jpg',100),(1112,69,'2015-08-27','','ftp://112.74.28.4/makeer/pet/works/IMG_1237.jpg',100),(1133,72,'2015-08-27','','ftp://112.74.28.4/makeer/suyi/works/CIMG5571.png',100),(1134,72,'2015-08-27','','ftp://112.74.28.4/makeer/suyi/works/CIMG6467.png',100),(1135,72,'2015-08-27','','ftp://112.74.28.4/makeer/suyi/works/CIMG6490.png',100),(1136,72,'2015-08-27','','ftp://112.74.28.4/makeer/suyi/works/CIMG6691.png',100),(1137,72,'2015-08-27','','ftp://112.74.28.4/makeer/suyi/works/CIMG6721.png',100),(1138,72,'2015-08-27','','ftp://112.74.28.4/makeer/suyi/works/CIMG7123.png',100),(1139,72,'2015-08-27','','ftp://112.74.28.4/makeer/suyi/works/CIMG7477.jpg',100),(1140,72,'2015-08-27','','ftp://112.74.28.4/makeer/suyi/works/CIMG7481.png',100),(1141,72,'2015-08-27','','ftp://112.74.28.4/makeer/suyi/works/CIMG7772.png',100),(1142,72,'2015-08-27','','ftp://112.74.28.4/makeer/suyi/works/IMG_1271.jpg',100),(1143,72,'2015-08-27','','ftp://112.74.28.4/makeer/suyi/works/IMG_1272.jpg',100),(1144,72,'2015-08-27','','ftp://112.74.28.4/makeer/suyi/works/IMG_1328.jpg',100),(1145,72,'2015-08-27','','ftp://112.74.28.4/makeer/suyi/works/IMG_1533.jpg',100),(1146,72,'2015-08-27','','ftp://112.74.28.4/makeer/suyi/works/IMG_1534.jpg',100),(1147,72,'2015-08-27','','ftp://112.74.28.4/makeer/suyi/works/IMG_2042.jpg',0),(1148,72,'2015-08-27','','ftp://112.74.28.4/makeer/suyi/works/IMG_2049.jpg',100),(1149,72,'2015-08-27','','ftp://112.74.28.4/makeer/suyi/works/IMG_2050.jpg',100),(1150,72,'2015-08-27','','ftp://112.74.28.4/makeer/suyi/works/IMG_2115.jpg',100),(1151,72,'2015-08-27','','ftp://112.74.28.4/makeer/suyi/works/IMG_2202.jpg',100),(1152,72,'2015-08-27','','ftp://112.74.28.4/makeer/suyi/works/IMG_2203.jpg',100),(1153,72,'2015-08-27','','ftp://112.74.28.4/makeer/suyi/works/IMG_2276.jpg',100),(1154,72,'2015-08-27','','ftp://112.74.28.4/makeer/suyi/works/IMG_2371.jpg',100),(1155,72,'2015-08-27','','ftp://112.74.28.4/makeer/suyi/works/IMG_2900.jpg',100),(1156,72,'2015-08-27','','ftp://112.74.28.4/makeer/suyi/works/IMG_3095.jpg',100),(1157,72,'2015-08-27','','ftp://112.74.28.4/makeer/suyi/works/IMG_3104.jpg',100),(1158,72,'2015-08-27','','ftp://112.74.28.4/makeer/suyi/works/IMG_3106.jpg',100),(1159,72,'2015-08-27','','ftp://112.74.28.4/makeer/suyi/works/IMG_3183.jpg',100),(1160,72,'2015-08-27','','ftp://112.74.28.4/makeer/suyi/works/IMG_3194.jpg',100),(1161,72,'2015-08-27','','ftp://112.74.28.4/makeer/suyi/works/IMG_9985.jpg',100),(1162,72,'2015-08-27','','ftp://112.74.28.4/makeer/suyi/works/suyi_001.jpg',100),(1163,72,'2015-08-27','','ftp://112.74.28.4/makeer/suyi/works/suyi_002.jpg',100),(1164,72,'2015-08-27','','ftp://112.74.28.4/makeer/suyi/works/suyi_003.jpg',100),(1165,72,'2015-08-27','','ftp://112.74.28.4/makeer/suyi/works/suyi_004.jpg',100),(1166,72,'2015-08-27','','ftp://112.74.28.4/makeer/suyi/works/suyi_005.jpg',100),(1167,72,'2015-08-27','','ftp://112.74.28.4/makeer/suyi/works/suyi_006.jpg',100),(1168,72,'2015-08-27','','ftp://112.74.28.4/makeer/suyi/works/suyi_007.jpg',100),(1169,72,'2015-08-27','','ftp://112.74.28.4/makeer/suyi/works/suyi_008.jpg',100),(1170,72,'2015-08-27','','ftp://112.74.28.4/makeer/suyi/works/suyi_009.jpg',100),(1171,72,'2015-08-27','','ftp://112.74.28.4/makeer/suyi/works/suyi_010.jpg',100),(1172,72,'2015-08-27','','ftp://112.74.28.4/makeer/suyi/works/suyi_011.jpg',100),(1173,72,'2015-08-27','','ftp://112.74.28.4/makeer/suyi/works/suyi_012.jpg',100),(1174,72,'2015-08-27','','ftp://112.74.28.4/makeer/suyi/works/suyi_013.jpg',100),(1175,72,'2015-08-27','','ftp://112.74.28.4/makeer/suyi/works/suyi_014.jpg',100),(1176,72,'2015-08-27','','ftp://112.74.28.4/makeer/suyi/works/suyi_g_01.jpg',100),(1177,72,'2015-08-27','','ftp://112.74.28.4/makeer/suyi/works/suyi_g_02.jpg',100),(1178,72,'2015-08-27','','ftp://112.74.28.4/makeer/suyi/works/suyi_g_03.jpg',100),(1179,72,'2015-08-27','','ftp://112.74.28.4/makeer/suyi/works/suyi_g_04.jpg',100),(1180,72,'2015-08-27','','ftp://112.74.28.4/makeer/suyi/works/suyi_g_05.jpg',100),(1181,72,'2015-08-27','','ftp://112.74.28.4/makeer/suyi/works/suyi_g_06.jpg',100),(1182,72,'2015-08-27','','ftp://112.74.28.4/makeer/suyi/works/suyi_g_07.jpg',100),(1183,72,'2015-08-27','','ftp://112.74.28.4/makeer/suyi/works/suyi_g_08.png',100),(1184,72,'2015-08-27','','ftp://112.74.28.4/makeer/suyi/works/suyi_g_09.jpg',100),(1185,72,'2015-08-27','','ftp://112.74.28.4/makeer/suyi/works/suyi_g_10.jpg',100),(1186,72,'2015-08-27','','ftp://112.74.28.4/makeer/suyi/works/suyi_lf_01.jpg',100),(1187,72,'2015-08-27','','ftp://112.74.28.4/makeer/suyi/works/suyi_lf_02.jpg',100),(1188,72,'2015-08-27','','ftp://112.74.28.4/makeer/suyi/works/suyi_lf_03.jpg',100),(1189,72,'2015-08-27','','ftp://112.74.28.4/makeer/suyi/works/suyi_lf_04.jpg',100),(1190,72,'2015-08-27','','ftp://112.74.28.4/makeer/suyi/works/suyi_lf_05.jpg',100),(1191,72,'2015-08-27','','ftp://112.74.28.4/makeer/suyi/works/suyi_lf_06.png',100),(1192,72,'2015-08-27','','ftp://112.74.28.4/makeer/suyi/works/suyi_lf_07.png',100),(1193,72,'2015-08-27','','ftp://112.74.28.4/makeer/suyi/works/suyi_lf_08.png',100),(1194,72,'2015-08-27','','ftp://112.74.28.4/makeer/suyi/works/suyi_lf_09.png',100),(1195,72,'2015-08-27','','ftp://112.74.28.4/makeer/suyi/works/suyi_lf_10.jpg',100),(1196,72,'2015-08-27','','ftp://112.74.28.4/makeer/suyi/works/suyi_lf_11.jpg',100);
/*!40000 ALTER TABLE `makeup_works` ENABLE KEYS */;
UNLOCK TABLES;

--
-- Table structure for table `message2`
--

DROP TABLE IF EXISTS `message2`;
/*!40101 SET @saved_cs_client     = @@character_set_client */;
/*!40101 SET character_set_client = utf8 */;
CREATE TABLE `message2` (
  `id` int(11) NOT NULL AUTO_INCREMENT,
  `ctime` datetime DEFAULT NULL,
  `name` varchar(50) COLLATE utf8_bin DEFAULT NULL,
  `qqNum` varchar(50) COLLATE utf8_bin DEFAULT NULL,
  `telPhone` varchar(50) COLLATE utf8_bin DEFAULT NULL,
  `email` varchar(50) COLLATE utf8_bin DEFAULT NULL,
  `address` varchar(100) COLLATE utf8_bin DEFAULT NULL,
  `suggestion` varchar(1000) COLLATE utf8_bin DEFAULT NULL,
  PRIMARY KEY (`id`)
) ENGINE=InnoDB AUTO_INCREMENT=27 DEFAULT CHARSET=utf8 COLLATE=utf8_bin;
/*!40101 SET character_set_client = @saved_cs_client */;

--
-- Dumping data for table `message2`
--

LOCK TABLES `message2` WRITE;
/*!40000 ALTER TABLE `message2` DISABLE KEYS */;
INSERT INTO `message2` VALUES (1,'2015-08-05 18:18:31','test','34234','23423','skdjflsdf','lskdjflksj','????????'),(2,'2015-08-05 18:20:49','test','34234','23423','skdjflsdf','lskdjflksj','sdf士大夫'),(3,'2015-08-16 12:25:09','test','123','123','707823233@qq.com','?????','???'),(4,'2015-08-17 07:00:37','test','sdf','asdf','asdf','asdf','asdfg'),(5,'2015-08-17 07:01:35','test','sdf','asdf','asdf','asdf','asdfg'),(6,'2015-08-17 07:02:40','test','sdf','asdf','asdf','asdf','asdfg'),(7,'2015-08-17 07:03:06','test','sdf','asdf','asdf','asdf','asdfg'),(8,'2015-08-17 07:05:23','test','test','asdf','sadf','sadf','asdf'),(9,'2015-08-17 07:06:00','test','test','asdf','sadf','sadf','asdf'),(10,'2015-08-17 07:06:26','test','test','asdf','sadf','sadf','asdf'),(11,'2015-08-17 07:07:12','test','234','tet','qsdf','asdf','asdfw'),(12,'2015-08-17 07:11:00','test','sadf','asdf','asdf','asdf','asdf'),(13,'2015-08-17 07:33:03','test','234','234','tsdf','asdf','asdfg'),(14,'2015-08-17 07:33:07','test','234','234','tsdf','asdf','asdfg'),(15,'2015-08-17 07:34:09','asdf','sdf','sdfdf','sdfsd','sdfsdf','dfsdf'),(16,'2015-08-17 09:07:48','test','test','test','test','test','test'),(17,'2015-08-17 09:09:25','test','test','test','test','test','teste'),(18,'2015-08-17 09:16:24','test','tes','test','test','test','etest'),(19,'2015-08-17 09:19:24','test','test','test','test','test','test'),(20,'2015-08-17 09:43:02','test','dfsdf','tet','tes','test','test'),(21,'2015-08-17 09:52:09','test','dfsdf','tet','tes','test','test'),(22,'2015-08-17 14:09:22','test','test','test','test','test','test'),(23,'2015-08-17 14:09:54','test','test','test','707823233@qq.com','test','test'),(24,'2015-08-17 14:10:02','test','123123','123123','707823233@qq.com','test','test'),(25,'2015-08-17 14:12:22','test','123123','123123','707823233@qq.com','test','翻跟斗风格'),(26,'2015-08-17 14:12:37','test','123123','123123','707823233@qq.com','感到反感','翻跟斗风格');
/*!40000 ALTER TABLE `message2` ENABLE KEYS */;
UNLOCK TABLES;

--
-- Table structure for table `photoer`
--

DROP TABLE IF EXISTS `photoer`;
/*!40101 SET @saved_cs_client     = @@character_set_client */;
/*!40101 SET character_set_client = utf8 */;
CREATE TABLE `photoer` (
  `id` int(11) NOT NULL AUTO_INCREMENT,
  `img_url` varchar(100) COLLATE utf8_bin NOT NULL,
  `name` varchar(50) COLLATE utf8_bin NOT NULL,
  `degree` varchar(50) COLLATE utf8_bin NOT NULL,
  `content` varchar(1000) COLLATE utf8_bin DEFAULT NULL,
  `priority` int(11) DEFAULT '0',
  PRIMARY KEY (`id`)
) ENGINE=InnoDB AUTO_INCREMENT=57 DEFAULT CHARSET=utf8 COLLATE=utf8_bin;
/*!40101 SET character_set_client = @saved_cs_client */;

--
-- Dumping data for table `photoer`
--

LOCK TABLES `photoer` WRITE;
/*!40000 ALTER TABLE `photoer` DISABLE KEYS */;
INSERT INTO `photoer` VALUES (45,'ftp://112.74.28.4/photoer/willing/icon/willing_icon.png','willing','资深摄影师','testing',100),(46,'ftp://112.74.28.4/photoer/anson/icon/anson_icon.png','anson','资深摄影师','testing',100),(47,'ftp://112.74.28.4/photoer/leo/icon/leo_icon.jpg','leo','资深摄影师','testing',100),(48,'ftp://112.74.28.4/photoer/lolo/icon/lolo_icon.jpg','lolo','资深摄影师','testing',0),(49,'ftp://112.74.28.4/photoer/kevin/icon/kevin_icon.jpg','kevin','资深摄影师','testing',0),(50,'ftp://112.74.28.4/photoer/amen/icon/amen_icon.png','amen','资深摄影师','testing',0);
/*!40000 ALTER TABLE `photoer` ENABLE KEYS */;
UNLOCK TABLES;

--
-- Table structure for table `photoer_works`
--

DROP TABLE IF EXISTS `photoer_works`;
/*!40101 SET @saved_cs_client     = @@character_set_client */;
/*!40101 SET character_set_client = utf8 */;
CREATE TABLE `photoer_works` (
  `id` int(11) NOT NULL AUTO_INCREMENT,
  `photoer_id` int(11) NOT NULL,
  `date` date NOT NULL,
  `address` varchar(50) COLLATE utf8_bin DEFAULT NULL,
  `img_url` varchar(100) COLLATE utf8_bin NOT NULL,
  `priority` int(11) DEFAULT '0',
  PRIMARY KEY (`id`)
) ENGINE=InnoDB AUTO_INCREMENT=1974 DEFAULT CHARSET=utf8 COLLATE=utf8_bin;
/*!40101 SET character_set_client = @saved_cs_client */;

--
-- Dumping data for table `photoer_works`
--

LOCK TABLES `photoer_works` WRITE;
/*!40000 ALTER TABLE `photoer_works` DISABLE KEYS */;
INSERT INTO `photoer_works` VALUES (1329,46,'2015-08-27','','ftp://112.74.28.4/photoer/anson/works/1.jpg',0),(1330,46,'2015-08-27','','ftp://112.74.28.4/photoer/anson/works/2.jpg',100),(1331,46,'2015-08-27','','ftp://112.74.28.4/photoer/anson/works/3.jpg',100),(1332,46,'2015-08-27','','ftp://112.74.28.4/photoer/anson/works/4.jpg',0),(1333,46,'2015-08-27','','ftp://112.74.28.4/photoer/anson/works/5.jpg',0),(1334,46,'2015-08-27','','ftp://112.74.28.4/photoer/anson/works/6.jpg',0),(1335,46,'2015-08-27','','ftp://112.74.28.4/photoer/anson/works/7.jpg',100),(1336,46,'2015-08-27','','ftp://112.74.28.4/photoer/anson/works/8.jpg',0),(1337,46,'2015-08-27','','ftp://112.74.28.4/photoer/anson/works/ASN_7011.jpg',0),(1338,46,'2015-08-27','','ftp://112.74.28.4/photoer/anson/works/ASN_7015.jpg',0),(1339,46,'2015-08-27','','ftp://112.74.28.4/photoer/anson/works/ASN_7023.jpg',100),(1340,46,'2015-08-27','','ftp://112.74.28.4/photoer/anson/works/ASN_7031.jpg',0),(1341,46,'2015-08-27','','ftp://112.74.28.4/photoer/anson/works/ASN_7032.jpg',0),(1342,46,'2015-08-27','','ftp://112.74.28.4/photoer/anson/works/ASN_7056.jpg',0),(1343,46,'2015-08-27','','ftp://112.74.28.4/photoer/anson/works/ASN_7079.jpg',0),(1344,46,'2015-08-27','','ftp://112.74.28.4/photoer/anson/works/ASN_7092.jpg',0),(1345,46,'2015-08-27','','ftp://112.74.28.4/photoer/anson/works/ASN_7098.jpg',0),(1346,46,'2015-08-27','','ftp://112.74.28.4/photoer/anson/works/ASN_7147.jpg',0),(1347,46,'2015-08-27','','ftp://112.74.28.4/photoer/anson/works/IMG_5571.jpg',0),(1348,46,'2015-08-27','','ftp://112.74.28.4/photoer/anson/works/IMG_5590.jpg',0),(1349,46,'2015-08-27','','ftp://112.74.28.4/photoer/anson/works/IMG_5669.jpg',100),(1350,45,'2015-08-27','','ftp://112.74.28.4/photoer/willing/works/IMG_0001.jpg',0),(1351,45,'2015-08-27','','ftp://112.74.28.4/photoer/willing/works/IMG_0012.jpg',0),(1352,45,'2015-08-27','','ftp://112.74.28.4/photoer/willing/works/IMG_0021.jpg',100),(1353,45,'2015-08-27','','ftp://112.74.28.4/photoer/willing/works/IMG_0025.jpg',100),(1354,45,'2015-08-27','','ftp://112.74.28.4/photoer/willing/works/IMG_0027.jpg',100),(1355,45,'2015-08-27','','ftp://112.74.28.4/photoer/willing/works/IMG_0030.jpg',0),(1356,45,'2015-08-27','','ftp://112.74.28.4/photoer/willing/works/IMG_0037.jpg',0),(1357,45,'2015-08-27','','ftp://112.74.28.4/photoer/willing/works/IMG_0045.jpg',100),(1358,45,'2015-08-27','','ftp://112.74.28.4/photoer/willing/works/IMG_0048.jpg',100),(1359,45,'2015-08-27','','ftp://112.74.28.4/photoer/willing/works/IMG_0063.jpg',0),(1360,45,'2015-08-27','','ftp://112.74.28.4/photoer/willing/works/IMG_0074.jpg',0),(1361,45,'2015-08-27','','ftp://112.74.28.4/photoer/willing/works/IMG_0078.jpg',0),(1362,45,'2015-08-27','','ftp://112.74.28.4/photoer/willing/works/IMG_0080.jpg',0),(1363,45,'2015-08-27','','ftp://112.74.28.4/photoer/willing/works/IMG_0120.jpg',100),(1364,45,'2015-08-27','','ftp://112.74.28.4/photoer/willing/works/IMG_0151.jpg',0),(1365,45,'2015-08-27','','ftp://112.74.28.4/photoer/willing/works/IMG_0170.jpg',0),(1366,45,'2015-08-27','','ftp://112.74.28.4/photoer/willing/works/IMG_0172.jpg',0),(1367,45,'2015-08-27','','ftp://112.74.28.4/photoer/willing/works/IMG_0180.jpg',0),(1368,45,'2015-08-27','','ftp://112.74.28.4/photoer/willing/works/IMG_0192.jpg',100),(1369,45,'2015-08-27','','ftp://112.74.28.4/photoer/willing/works/IMG_0204.jpg',0),(1370,45,'2015-08-27','','ftp://112.74.28.4/photoer/willing/works/IMG_0208.jpg',0),(1371,45,'2015-08-27','','ftp://112.74.28.4/photoer/willing/works/IMG_0214.jpg',0),(1372,45,'2015-08-27','','ftp://112.74.28.4/photoer/willing/works/IMG_0219.jpg',0),(1373,45,'2015-08-27','','ftp://112.74.28.4/photoer/willing/works/IMG_0228.jpg',0),(1374,45,'2015-08-27','','ftp://112.74.28.4/photoer/willing/works/IMG_0229.jpg',0),(1375,45,'2015-08-27','','ftp://112.74.28.4/photoer/willing/works/IMG_0234.jpg',0),(1376,45,'2015-08-27','','ftp://112.74.28.4/photoer/willing/works/IMG_0244.jpg',0),(1377,45,'2015-08-27','','ftp://112.74.28.4/photoer/willing/works/IMG_0270.jpg',100),(1378,45,'2015-08-27','','ftp://112.74.28.4/photoer/willing/works/IMG_0276.jpg',0),(1379,45,'2015-08-27','','ftp://112.74.28.4/photoer/willing/works/IMG_0287.jpg',100),(1380,45,'2015-08-27','','ftp://112.74.28.4/photoer/willing/works/IMG_0291.jpg',0),(1381,45,'2015-08-27','','ftp://112.74.28.4/photoer/willing/works/IMG_0297.jpg',0),(1382,45,'2015-08-27','','ftp://112.74.28.4/photoer/willing/works/IMG_0320.jpg',0),(1383,45,'2015-08-27','','ftp://112.74.28.4/photoer/willing/works/IMG_0321.jpg',0),(1384,45,'2015-08-27','','ftp://112.74.28.4/photoer/willing/works/IMG_0327.jpg',100),(1385,45,'2015-08-27','','ftp://112.74.28.4/photoer/willing/works/IMG_0342.jpg',0),(1386,45,'2015-08-27','','ftp://112.74.28.4/photoer/willing/works/IMG_0345.jpg',0),(1387,45,'2015-08-27','','ftp://112.74.28.4/photoer/willing/works/IMG_0348.jpg',0),(1388,45,'2015-08-27','','ftp://112.74.28.4/photoer/willing/works/IMG_0351.jpg',0),(1389,45,'2015-08-27','','ftp://112.74.28.4/photoer/willing/works/IMG_0361.jpg',0),(1390,45,'2015-08-27','','ftp://112.74.28.4/photoer/willing/works/IMG_0376.jpg',0),(1391,45,'2015-08-27','','ftp://112.74.28.4/photoer/willing/works/IMG_0377.jpg',0),(1392,45,'2015-08-27','','ftp://112.74.28.4/photoer/willing/works/IMG_0389.jpg',0),(1393,45,'2015-08-27','','ftp://112.74.28.4/photoer/willing/works/IMG_0411.jpg',0),(1394,45,'2015-08-27','','ftp://112.74.28.4/photoer/willing/works/IMG_0416.jpg',0),(1395,45,'2015-08-27','','ftp://112.74.28.4/photoer/willing/works/IMG_0418.jpg',0),(1396,45,'2015-08-27','','ftp://112.74.28.4/photoer/willing/works/IMG_0424.jpg',0),(1397,45,'2015-08-27','','ftp://112.74.28.4/photoer/willing/works/IMG_0467.jpg',0),(1398,45,'2015-08-27','','ftp://112.74.28.4/photoer/willing/works/IMG_0468.jpg',0),(1399,45,'2015-08-27','','ftp://112.74.28.4/photoer/willing/works/IMG_0485.jpg',0),(1400,45,'2015-08-27','','ftp://112.74.28.4/photoer/willing/works/IMG_0489.jpg',0),(1401,45,'2015-08-27','','ftp://112.74.28.4/photoer/willing/works/IMG_0501.jpg',0),(1402,45,'2015-08-27','','ftp://112.74.28.4/photoer/willing/works/IMG_0515.jpg',0),(1403,45,'2015-08-27','','ftp://112.74.28.4/photoer/willing/works/IMG_0518.jpg',0),(1404,45,'2015-08-27','','ftp://112.74.28.4/photoer/willing/works/IMG_0530.jpg',0),(1405,45,'2015-08-27','','ftp://112.74.28.4/photoer/willing/works/IMG_0533.jpg',0),(1406,45,'2015-08-27','','ftp://112.74.28.4/photoer/willing/works/IMG_0540.jpg',0),(1407,45,'2015-08-27','','ftp://112.74.28.4/photoer/willing/works/IMG_0556.jpg',0),(1408,45,'2015-08-27','','ftp://112.74.28.4/photoer/willing/works/IMG_0558.jpg',0),(1409,45,'2015-08-27','','ftp://112.74.28.4/photoer/willing/works/IMG_0566.jpg',100),(1410,45,'2015-08-27','','ftp://112.74.28.4/photoer/willing/works/IMG_0573.jpg',0),(1411,45,'2015-08-27','','ftp://112.74.28.4/photoer/willing/works/IMG_0581.jpg',0),(1412,45,'2015-08-27','','ftp://112.74.28.4/photoer/willing/works/IMG_0597.jpg',0),(1413,45,'2015-08-27','','ftp://112.74.28.4/photoer/willing/works/IMG_0634.jpg',0),(1414,45,'2015-08-27','','ftp://112.74.28.4/photoer/willing/works/IMG_0638.jpg',0),(1415,45,'2015-08-27','','ftp://112.74.28.4/photoer/willing/works/IMG_0651.jpg',100),(1416,45,'2015-08-27','','ftp://112.74.28.4/photoer/willing/works/IMG_0662.jpg',0),(1417,45,'2015-08-27','','ftp://112.74.28.4/photoer/willing/works/IMG_0669.jpg',100),(1418,45,'2015-08-27','','ftp://112.74.28.4/photoer/willing/works/IMG_0670.jpg',0),(1419,45,'2015-08-27','','ftp://112.74.28.4/photoer/willing/works/IMG_0695.jpg',0),(1420,45,'2015-08-27','','ftp://112.74.28.4/photoer/willing/works/IMG_0715.jpg',100),(1421,45,'2015-08-27','','ftp://112.74.28.4/photoer/willing/works/IMG_0721.jpg',0),(1422,45,'2015-08-27','','ftp://112.74.28.4/photoer/willing/works/IMG_0730.jpg',0),(1423,45,'2015-08-27','','ftp://112.74.28.4/photoer/willing/works/IMG_0755.jpg',0),(1424,45,'2015-08-27','','ftp://112.74.28.4/photoer/willing/works/IMG_0759.jpg',0),(1425,45,'2015-08-27','','ftp://112.74.28.4/photoer/willing/works/IMG_0762.jpg',0),(1426,45,'2015-08-27','','ftp://112.74.28.4/photoer/willing/works/IMG_0786.jpg',0),(1427,45,'2015-08-27','','ftp://112.74.28.4/photoer/willing/works/IMG_0806.jpg',0),(1428,45,'2015-08-27','','ftp://112.74.28.4/photoer/willing/works/IMG_0820.jpg',100),(1429,45,'2015-08-27','','ftp://112.74.28.4/photoer/willing/works/IMG_0825.jpg',0),(1430,45,'2015-08-27','','ftp://112.74.28.4/photoer/willing/works/IMG_0846.jpg',0),(1431,45,'2015-08-27','','ftp://112.74.28.4/photoer/willing/works/IMG_0896.jpg',0),(1432,45,'2015-08-27','','ftp://112.74.28.4/photoer/willing/works/IMG_0911.jpg',0),(1433,45,'2015-08-27','','ftp://112.74.28.4/photoer/willing/works/IMG_0998.jpg',100),(1434,45,'2015-08-27','','ftp://112.74.28.4/photoer/willing/works/IMG_1022.jpg',0),(1435,45,'2015-08-27','','ftp://112.74.28.4/photoer/willing/works/IMG_1034.jpg',100),(1436,45,'2015-08-27','','ftp://112.74.28.4/photoer/willing/works/IMG_1037.jpg',0),(1437,45,'2015-08-27','','ftp://112.74.28.4/photoer/willing/works/IMG_1059.jpg',100),(1438,45,'2015-08-27','','ftp://112.74.28.4/photoer/willing/works/IMG_1064.jpg',0),(1439,45,'2015-08-27','','ftp://112.74.28.4/photoer/willing/works/IMG_1077.jpg',100),(1440,45,'2015-08-27','','ftp://112.74.28.4/photoer/willing/works/IMG_1104.jpg',0),(1441,45,'2015-08-27','','ftp://112.74.28.4/photoer/willing/works/IMG_1213.jpg',0),(1442,45,'2015-08-27','','ftp://112.74.28.4/photoer/willing/works/IMG_1225.jpg',0),(1443,45,'2015-08-27','','ftp://112.74.28.4/photoer/willing/works/IMG_1241.jpg',100),(1444,45,'2015-08-27','','ftp://112.74.28.4/photoer/willing/works/IMG_1254.jpg',0),(1445,45,'2015-08-27','','ftp://112.74.28.4/photoer/willing/works/IMG_1258.jpg',0),(1446,45,'2015-08-27','','ftp://112.74.28.4/photoer/willing/works/IMG_1291.jpg',0),(1447,45,'2015-08-27','','ftp://112.74.28.4/photoer/willing/works/IMG_1400.jpg',100),(1448,45,'2015-08-27','','ftp://112.74.28.4/photoer/willing/works/IMG_1417.jpg',0),(1449,45,'2015-08-27','','ftp://112.74.28.4/photoer/willing/works/IMG_1463.jpg',0),(1450,45,'2015-08-27','','ftp://112.74.28.4/photoer/willing/works/IMG_1812.jpg',0),(1451,45,'2015-08-27','','ftp://112.74.28.4/photoer/willing/works/IMG_1838.jpg',0),(1452,45,'2015-08-27','','ftp://112.74.28.4/photoer/willing/works/IMG_1937.jpg',0),(1453,45,'2015-08-27','','ftp://112.74.28.4/photoer/willing/works/IMG_2035.jpg',0),(1454,45,'2015-08-27','','ftp://112.74.28.4/photoer/willing/works/IMG_2132.jpg',0),(1455,45,'2015-08-27','','ftp://112.74.28.4/photoer/willing/works/IMG_2144.jpg',100),(1456,45,'2015-08-27','','ftp://112.74.28.4/photoer/willing/works/IMG_2297.jpg',0),(1457,45,'2015-08-27','','ftp://112.74.28.4/photoer/willing/works/IMG_2339.jpg',0),(1458,45,'2015-08-27','','ftp://112.74.28.4/photoer/willing/works/IMG_2424.jpg',0),(1459,45,'2015-08-27','','ftp://112.74.28.4/photoer/willing/works/IMG_2658.jpg',0),(1460,45,'2015-08-27','','ftp://112.74.28.4/photoer/willing/works/IMG_4006.jpg',0),(1461,45,'2015-08-27','','ftp://112.74.28.4/photoer/willing/works/IMG_4013.jpg',100),(1462,45,'2015-08-27','','ftp://112.74.28.4/photoer/willing/works/IMG_4039.jpg',100),(1463,45,'2015-08-27','','ftp://112.74.28.4/photoer/willing/works/IMG_4047.jpg',100),(1464,45,'2015-08-27','','ftp://112.74.28.4/photoer/willing/works/IMG_4071.jpg',100),(1465,45,'2015-08-27','','ftp://112.74.28.4/photoer/willing/works/IMG_4108.jpg',100),(1466,45,'2015-08-27','','ftp://112.74.28.4/photoer/willing/works/IMG_4116.jpg',100),(1467,45,'2015-08-27','','ftp://112.74.28.4/photoer/willing/works/IMG_4124.jpg',0),(1468,45,'2015-08-27','','ftp://112.74.28.4/photoer/willing/works/IMG_4182.jpg',0),(1469,45,'2015-08-27','','ftp://112.74.28.4/photoer/willing/works/IMG_4184.jpg',100),(1470,45,'2015-08-27','','ftp://112.74.28.4/photoer/willing/works/IMG_4213.jpg',0),(1471,45,'2015-08-27','','ftp://112.74.28.4/photoer/willing/works/IMG_4270.jpg',0),(1472,45,'2015-08-27','','ftp://112.74.28.4/photoer/willing/works/IMG_4300.jpg',0),(1473,45,'2015-08-27','','ftp://112.74.28.4/photoer/willing/works/IMG_4307.jpg',0),(1474,45,'2015-08-27','','ftp://112.74.28.4/photoer/willing/works/IMG_4399.jpg',0),(1475,45,'2015-08-27','','ftp://112.74.28.4/photoer/willing/works/IMG_4400.jpg',0),(1476,45,'2015-08-27','','ftp://112.74.28.4/photoer/willing/works/IMG_4404.jpg',0),(1477,45,'2015-08-27','','ftp://112.74.28.4/photoer/willing/works/IMG_4426.jpg',0),(1478,45,'2015-08-27','','ftp://112.74.28.4/photoer/willing/works/IMG_4429.jpg',100),(1479,45,'2015-08-27','','ftp://112.74.28.4/photoer/willing/works/IMG_4437.jpg',0),(1480,45,'2015-08-27','','ftp://112.74.28.4/photoer/willing/works/IMG_4440.jpg',0),(1481,45,'2015-08-27','','ftp://112.74.28.4/photoer/willing/works/IMG_4447.jpg',0),(1482,45,'2015-08-27','','ftp://112.74.28.4/photoer/willing/works/IMG_4450.jpg',0),(1483,45,'2015-08-27','','ftp://112.74.28.4/photoer/willing/works/IMG_4460.jpg',0),(1484,45,'2015-08-27','','ftp://112.74.28.4/photoer/willing/works/IMG_4462.jpg',0),(1485,45,'2015-08-27','','ftp://112.74.28.4/photoer/willing/works/IMG_4465.jpg',0),(1486,45,'2015-08-27','','ftp://112.74.28.4/photoer/willing/works/IMG_4489.jpg',0),(1487,45,'2015-08-27','','ftp://112.74.28.4/photoer/willing/works/IMG_4496.jpg',0),(1488,45,'2015-08-27','','ftp://112.74.28.4/photoer/willing/works/IMG_4518.jpg',0),(1489,45,'2015-08-27','','ftp://112.74.28.4/photoer/willing/works/IMG_4522.jpg',0),(1490,45,'2015-08-27','','ftp://112.74.28.4/photoer/willing/works/IMG_4563.jpg',100),(1491,45,'2015-08-27','','ftp://112.74.28.4/photoer/willing/works/IMG_4574.jpg',0),(1492,45,'2015-08-27','','ftp://112.74.28.4/photoer/willing/works/IMG_4578.jpg',0),(1493,45,'2015-08-27','','ftp://112.74.28.4/photoer/willing/works/IMG_4596.jpg',100),(1494,45,'2015-08-27','','ftp://112.74.28.4/photoer/willing/works/IMG_4625.jpg',0),(1495,45,'2015-08-27','','ftp://112.74.28.4/photoer/willing/works/IMG_4640.jpg',100),(1496,45,'2015-08-27','','ftp://112.74.28.4/photoer/willing/works/IMG_4641.jpg',100),(1497,45,'2015-08-27','','ftp://112.74.28.4/photoer/willing/works/IMG_4652.jpg',0),(1498,45,'2015-08-27','','ftp://112.74.28.4/photoer/willing/works/IMG_4736.jpg',0),(1499,45,'2015-08-27','','ftp://112.74.28.4/photoer/willing/works/IMG_4748.jpg',0),(1500,45,'2015-08-27','','ftp://112.74.28.4/photoer/willing/works/IMG_4752.jpg',100),(1501,45,'2015-08-27','','ftp://112.74.28.4/photoer/willing/works/IMG_4772.jpg',0),(1502,45,'2015-08-27','','ftp://112.74.28.4/photoer/willing/works/IMG_4825.jpg',100),(1503,45,'2015-08-27','','ftp://112.74.28.4/photoer/willing/works/IMG_4863.jpg',0),(1504,45,'2015-08-27','','ftp://112.74.28.4/photoer/willing/works/IMG_4892.jpg',0),(1505,45,'2015-08-27','','ftp://112.74.28.4/photoer/willing/works/IMG_4894.jpg',0),(1506,45,'2015-08-27','','ftp://112.74.28.4/photoer/willing/works/IMG_4912.jpg',0),(1507,45,'2015-08-27','','ftp://112.74.28.4/photoer/willing/works/IMG_4913.jpg',0),(1508,45,'2015-08-27','','ftp://112.74.28.4/photoer/willing/works/IMG_4922.jpg',0),(1509,45,'2015-08-27','','ftp://112.74.28.4/photoer/willing/works/IMG_4927.jpg',0),(1510,45,'2015-08-27','','ftp://112.74.28.4/photoer/willing/works/IMG_4928.jpg',0),(1511,45,'2015-08-27','','ftp://112.74.28.4/photoer/willing/works/IMG_4935.jpg',0),(1512,45,'2015-08-27','','ftp://112.74.28.4/photoer/willing/works/IMG_4964.jpg',0),(1513,45,'2015-08-27','','ftp://112.74.28.4/photoer/willing/works/IMG_4973.jpg',0),(1514,45,'2015-08-27','','ftp://112.74.28.4/photoer/willing/works/IMG_5076.jpg',0),(1515,45,'2015-08-27','','ftp://112.74.28.4/photoer/willing/works/IMG_5116.jpg',0),(1516,45,'2015-08-27','','ftp://112.74.28.4/photoer/willing/works/IMG_5141.jpg',0),(1517,45,'2015-08-27','','ftp://112.74.28.4/photoer/willing/works/IMG_5144.jpg',0),(1518,45,'2015-08-27','','ftp://112.74.28.4/photoer/willing/works/IMG_5154.jpg',100),(1519,45,'2015-08-27','','ftp://112.74.28.4/photoer/willing/works/IMG_5167.jpg',0),(1520,45,'2015-08-27','','ftp://112.74.28.4/photoer/willing/works/IMG_5169.jpg',0),(1521,45,'2015-08-27','','ftp://112.74.28.4/photoer/willing/works/IMG_5174.jpg',0),(1522,45,'2015-08-27','','ftp://112.74.28.4/photoer/willing/works/IMG_5184.jpg',0),(1523,45,'2015-08-27','','ftp://112.74.28.4/photoer/willing/works/IMG_5204.jpg',0),(1524,45,'2015-08-27','','ftp://112.74.28.4/photoer/willing/works/IMG_5321.jpg',100),(1525,45,'2015-08-27','','ftp://112.74.28.4/photoer/willing/works/IMG_5323.jpg',100),(1526,45,'2015-08-27','','ftp://112.74.28.4/photoer/willing/works/IMG_5344.jpg',0),(1527,45,'2015-08-27','','ftp://112.74.28.4/photoer/willing/works/IMG_5401.jpg',0),(1528,45,'2015-08-27','','ftp://112.74.28.4/photoer/willing/works/IMG_5428.jpg',0),(1529,45,'2015-08-27','','ftp://112.74.28.4/photoer/willing/works/IMG_5434.jpg',0),(1530,45,'2015-08-27','','ftp://112.74.28.4/photoer/willing/works/IMG_5440.jpg',0),(1531,45,'2015-08-27','','ftp://112.74.28.4/photoer/willing/works/IMG_5458.jpg',0),(1532,45,'2015-08-27','','ftp://112.74.28.4/photoer/willing/works/IMG_5484.jpg',0),(1533,45,'2015-08-27','','ftp://112.74.28.4/photoer/willing/works/IMG_5501.jpg',0),(1534,45,'2015-08-27','','ftp://112.74.28.4/photoer/willing/works/IMG_5507.jpg',0),(1535,45,'2015-08-27','','ftp://112.74.28.4/photoer/willing/works/IMG_5516.jpg',0),(1536,45,'2015-08-27','','ftp://112.74.28.4/photoer/willing/works/IMG_5520.jpg',0),(1537,45,'2015-08-27','','ftp://112.74.28.4/photoer/willing/works/IMG_5542.jpg',0),(1538,45,'2015-08-27','','ftp://112.74.28.4/photoer/willing/works/IMG_5544.jpg',0),(1539,45,'2015-08-27','','ftp://112.74.28.4/photoer/willing/works/IMG_5567.jpg',0),(1540,45,'2015-08-27','','ftp://112.74.28.4/photoer/willing/works/IMG_5573.jpg',0),(1541,45,'2015-08-27','','ftp://112.74.28.4/photoer/willing/works/IMG_5582.jpg',100),(1542,45,'2015-08-27','','ftp://112.74.28.4/photoer/willing/works/IMG_5599.jpg',100),(1543,45,'2015-08-27','','ftp://112.74.28.4/photoer/willing/works/IMG_5621.jpg',0),(1544,45,'2015-08-27','','ftp://112.74.28.4/photoer/willing/works/IMG_5641.jpg',0),(1545,45,'2015-08-27','','ftp://112.74.28.4/photoer/willing/works/IMG_5667.jpg',0),(1546,45,'2015-08-27','','ftp://112.74.28.4/photoer/willing/works/IMG_5668.jpg',0),(1547,45,'2015-08-27','','ftp://112.74.28.4/photoer/willing/works/IMG_5705.jpg',0),(1548,45,'2015-08-27','','ftp://112.74.28.4/photoer/willing/works/IMG_5742.jpg',0),(1549,45,'2015-08-27','','ftp://112.74.28.4/photoer/willing/works/IMG_5756.jpg',0),(1550,45,'2015-08-27','','ftp://112.74.28.4/photoer/willing/works/IMG_5776.jpg',0),(1551,45,'2015-08-27','','ftp://112.74.28.4/photoer/willing/works/IMG_5798.jpg',0),(1552,45,'2015-08-27','','ftp://112.74.28.4/photoer/willing/works/IMG_5810.jpg',0),(1553,45,'2015-08-27','','ftp://112.74.28.4/photoer/willing/works/IMG_5818.jpg',0),(1554,45,'2015-08-27','','ftp://112.74.28.4/photoer/willing/works/IMG_5905.jpg',0),(1555,45,'2015-08-27','','ftp://112.74.28.4/photoer/willing/works/IMG_5924.jpg',0),(1556,45,'2015-08-27','','ftp://112.74.28.4/photoer/willing/works/IMG_5933.jpg',0),(1557,45,'2015-08-27','','ftp://112.74.28.4/photoer/willing/works/IMG_5950.jpg',100),(1558,45,'2015-08-27','','ftp://112.74.28.4/photoer/willing/works/IMG_5955.jpg',0),(1559,45,'2015-08-27','','ftp://112.74.28.4/photoer/willing/works/IMG_5978.jpg',0),(1560,45,'2015-08-27','','ftp://112.74.28.4/photoer/willing/works/IMG_5980.jpg',0),(1561,45,'2015-08-27','','ftp://112.74.28.4/photoer/willing/works/IMG_6011.jpg',0),(1562,45,'2015-08-27','','ftp://112.74.28.4/photoer/willing/works/IMG_6098.jpg',0),(1563,45,'2015-08-27','','ftp://112.74.28.4/photoer/willing/works/IMG_6145.jpg',0),(1564,45,'2015-08-27','','ftp://112.74.28.4/photoer/willing/works/IMG_6904.jpg',0),(1565,45,'2015-08-27','','ftp://112.74.28.4/photoer/willing/works/IMG_7374.jpg',0),(1566,45,'2015-08-27','','ftp://112.74.28.4/photoer/willing/works/IMG_8800.jpg',0),(1567,45,'2015-08-27','','ftp://112.74.28.4/photoer/willing/works/IMG_8817.jpg',0),(1568,45,'2015-08-27','','ftp://112.74.28.4/photoer/willing/works/IMG_8818.jpg',0),(1569,45,'2015-08-27','','ftp://112.74.28.4/photoer/willing/works/IMG_8819.jpg',0),(1570,45,'2015-08-27','','ftp://112.74.28.4/photoer/willing/works/IMG_8865.jpg',0),(1571,45,'2015-08-27','','ftp://112.74.28.4/photoer/willing/works/IMG_8869.jpg',0),(1572,45,'2015-08-27','','ftp://112.74.28.4/photoer/willing/works/IMG_8874.jpg',0),(1573,45,'2015-08-27','','ftp://112.74.28.4/photoer/willing/works/IMG_8875.jpg',0),(1574,45,'2015-08-27','','ftp://112.74.28.4/photoer/willing/works/IMG_8905.jpg',0),(1575,45,'2015-08-27','','ftp://112.74.28.4/photoer/willing/works/IMG_8910.jpg',100),(1576,45,'2015-08-27','','ftp://112.74.28.4/photoer/willing/works/IMG_8914.jpg',0),(1577,45,'2015-08-27','','ftp://112.74.28.4/photoer/willing/works/IMG_8923.jpg',100),(1578,45,'2015-08-27','','ftp://112.74.28.4/photoer/willing/works/IMG_8925.jpg',0),(1579,45,'2015-08-27','','ftp://112.74.28.4/photoer/willing/works/IMG_8932.jpg',0),(1580,45,'2015-08-27','','ftp://112.74.28.4/photoer/willing/works/IMG_8934.jpg',0),(1581,45,'2015-08-27','','ftp://112.74.28.4/photoer/willing/works/IMG_8949.jpg',0),(1582,45,'2015-08-27','','ftp://112.74.28.4/photoer/willing/works/IMG_8954.jpg',0),(1583,45,'2015-08-27','','ftp://112.74.28.4/photoer/willing/works/IMG_8967.jpg',0),(1584,45,'2015-08-27','','ftp://112.74.28.4/photoer/willing/works/IMG_8969.jpg',0),(1585,45,'2015-08-27','','ftp://112.74.28.4/photoer/willing/works/IMG_8976.jpg',0),(1586,45,'2015-08-27','','ftp://112.74.28.4/photoer/willing/works/IMG_8979.jpg',0),(1587,45,'2015-08-27','','ftp://112.74.28.4/photoer/willing/works/IMG_8988.jpg',0),(1588,45,'2015-08-27','','ftp://112.74.28.4/photoer/willing/works/IMG_8999.jpg',100),(1589,45,'2015-08-27','','ftp://112.74.28.4/photoer/willing/works/IMG_9008.jpg',0),(1590,45,'2015-08-27','','ftp://112.74.28.4/photoer/willing/works/IMG_9044.jpg',100),(1591,45,'2015-08-27','','ftp://112.74.28.4/photoer/willing/works/IMG_9051.jpg',100),(1592,45,'2015-08-27','','ftp://112.74.28.4/photoer/willing/works/IMG_9070.jpg',0),(1593,45,'2015-08-27','','ftp://112.74.28.4/photoer/willing/works/IMG_9078.jpg',100),(1594,45,'2015-08-27','','ftp://112.74.28.4/photoer/willing/works/IMG_9089.jpg',0),(1595,45,'2015-08-27','','ftp://112.74.28.4/photoer/willing/works/IMG_9095.jpg',0),(1596,45,'2015-08-27','','ftp://112.74.28.4/photoer/willing/works/IMG_9109.jpg',0),(1597,45,'2015-08-27','','ftp://112.74.28.4/photoer/willing/works/IMG_9120.jpg',0),(1598,45,'2015-08-27','','ftp://112.74.28.4/photoer/willing/works/IMG_9137.jpg',0),(1599,45,'2015-08-27','','ftp://112.74.28.4/photoer/willing/works/IMG_9152.jpg',0),(1600,45,'2015-08-27','','ftp://112.74.28.4/photoer/willing/works/IMG_9200.jpg',0),(1601,45,'2015-08-27','','ftp://112.74.28.4/photoer/willing/works/IMG_9203.jpg',100),(1602,45,'2015-08-27','','ftp://112.74.28.4/photoer/willing/works/IMG_9214.jpg',100),(1603,45,'2015-08-27','','ftp://112.74.28.4/photoer/willing/works/IMG_9284.jpg',100),(1604,45,'2015-08-27','','ftp://112.74.28.4/photoer/willing/works/IMG_9290.jpg',0),(1605,45,'2015-08-27','','ftp://112.74.28.4/photoer/willing/works/IMG_9309.jpg',0),(1606,45,'2015-08-27','','ftp://112.74.28.4/photoer/willing/works/IMG_9318.jpg',0),(1607,45,'2015-08-27','','ftp://112.74.28.4/photoer/willing/works/IMG_9324.jpg',0),(1608,45,'2015-08-27','','ftp://112.74.28.4/photoer/willing/works/IMG_9330.jpg',0),(1609,45,'2015-08-27','','ftp://112.74.28.4/photoer/willing/works/IMG_9338.jpg',0),(1610,45,'2015-08-27','','ftp://112.74.28.4/photoer/willing/works/IMG_9363.jpg',0),(1611,45,'2015-08-27','','ftp://112.74.28.4/photoer/willing/works/IMG_9377.jpg',0),(1612,45,'2015-08-27','','ftp://112.74.28.4/photoer/willing/works/IMG_9379.jpg',0),(1613,45,'2015-08-27','','ftp://112.74.28.4/photoer/willing/works/IMG_9386.jpg',100),(1614,45,'2015-08-27','','ftp://112.74.28.4/photoer/willing/works/IMG_9387.jpg',0),(1615,45,'2015-08-27','','ftp://112.74.28.4/photoer/willing/works/IMG_9408.jpg',0),(1616,45,'2015-08-27','','ftp://112.74.28.4/photoer/willing/works/IMG_9413.jpg',0),(1617,45,'2015-08-27','','ftp://112.74.28.4/photoer/willing/works/IMG_9414.jpg',0),(1618,45,'2015-08-27','','ftp://112.74.28.4/photoer/willing/works/IMG_9418.jpg',0),(1619,45,'2015-08-27','','ftp://112.74.28.4/photoer/willing/works/IMG_9429.jpg',0),(1620,45,'2015-08-27','','ftp://112.74.28.4/photoer/willing/works/IMG_9436.jpg',0),(1621,45,'2015-08-27','','ftp://112.74.28.4/photoer/willing/works/IMG_9445.jpg',0),(1622,45,'2015-08-27','','ftp://112.74.28.4/photoer/willing/works/IMG_9451.jpg',0),(1623,45,'2015-08-27','','ftp://112.74.28.4/photoer/willing/works/IMG_9459.jpg',0),(1624,45,'2015-08-27','','ftp://112.74.28.4/photoer/willing/works/IMG_9472.jpg',0),(1625,45,'2015-08-27','','ftp://112.74.28.4/photoer/willing/works/IMG_9478.jpg',0),(1626,45,'2015-08-27','','ftp://112.74.28.4/photoer/willing/works/IMG_9525.jpg',0),(1627,45,'2015-08-27','','ftp://112.74.28.4/photoer/willing/works/IMG_9554.jpg',0),(1628,45,'2015-08-27','','ftp://112.74.28.4/photoer/willing/works/IMG_9561.jpg',0),(1629,45,'2015-08-27','','ftp://112.74.28.4/photoer/willing/works/IMG_9572.jpg',0),(1630,45,'2015-08-27','','ftp://112.74.28.4/photoer/willing/works/IMG_9581.jpg',0),(1631,45,'2015-08-27','','ftp://112.74.28.4/photoer/willing/works/IMG_9610.jpg',0),(1632,45,'2015-08-27','','ftp://112.74.28.4/photoer/willing/works/IMG_9617.jpg',0),(1633,45,'2015-08-27','','ftp://112.74.28.4/photoer/willing/works/IMG_9625.jpg',0),(1634,45,'2015-08-27','','ftp://112.74.28.4/photoer/willing/works/IMG_9641.jpg',0),(1635,45,'2015-08-27','','ftp://112.74.28.4/photoer/willing/works/IMG_9652.jpg',0),(1636,45,'2015-08-27','','ftp://112.74.28.4/photoer/willing/works/IMG_9658.jpg',0),(1637,45,'2015-08-27','','ftp://112.74.28.4/photoer/willing/works/IMG_9659.jpg',0),(1638,45,'2015-08-27','','ftp://112.74.28.4/photoer/willing/works/IMG_9661.jpg',0),(1639,45,'2015-08-27','','ftp://112.74.28.4/photoer/willing/works/IMG_9666.jpg',0),(1640,45,'2015-08-27','','ftp://112.74.28.4/photoer/willing/works/IMG_9671.jpg',0),(1641,45,'2015-08-27','','ftp://112.74.28.4/photoer/willing/works/IMG_9687.jpg',0),(1642,45,'2015-08-27','','ftp://112.74.28.4/photoer/willing/works/IMG_9696.jpg',100),(1643,45,'2015-08-27','','ftp://112.74.28.4/photoer/willing/works/IMG_9700.jpg',0),(1644,45,'2015-08-27','','ftp://112.74.28.4/photoer/willing/works/IMG_9716.jpg',100),(1645,45,'2015-08-27','','ftp://112.74.28.4/photoer/willing/works/IMG_9717.jpg',0),(1646,45,'2015-08-27','','ftp://112.74.28.4/photoer/willing/works/IMG_9719.jpg',0),(1647,45,'2015-08-27','','ftp://112.74.28.4/photoer/willing/works/IMG_9738.jpg',100),(1648,45,'2015-08-27','','ftp://112.74.28.4/photoer/willing/works/IMG_9744.jpg',0),(1649,45,'2015-08-27','','ftp://112.74.28.4/photoer/willing/works/IMG_9750.jpg',0),(1650,45,'2015-08-27','','ftp://112.74.28.4/photoer/willing/works/IMG_9760.jpg',0),(1651,45,'2015-08-27','','ftp://112.74.28.4/photoer/willing/works/IMG_9764.jpg',0),(1652,45,'2015-08-27','','ftp://112.74.28.4/photoer/willing/works/IMG_9766.jpg',0),(1653,45,'2015-08-27','','ftp://112.74.28.4/photoer/willing/works/IMG_9771.jpg',100),(1654,45,'2015-08-27','','ftp://112.74.28.4/photoer/willing/works/IMG_9805.jpg',0),(1655,45,'2015-08-27','','ftp://112.74.28.4/photoer/willing/works/IMG_9806.jpg',0),(1656,45,'2015-08-27','','ftp://112.74.28.4/photoer/willing/works/IMG_9815.jpg',0),(1657,45,'2015-08-27','','ftp://112.74.28.4/photoer/willing/works/IMG_9823.jpg',0),(1658,45,'2015-08-27','','ftp://112.74.28.4/photoer/willing/works/IMG_9830.jpg',0),(1659,45,'2015-08-27','','ftp://112.74.28.4/photoer/willing/works/IMG_9833.jpg',0),(1660,45,'2015-08-27','','ftp://112.74.28.4/photoer/willing/works/IMG_9835.jpg',100),(1661,45,'2015-08-27','','ftp://112.74.28.4/photoer/willing/works/IMG_9846.jpg',0),(1662,45,'2015-08-27','','ftp://112.74.28.4/photoer/willing/works/IMG_9859.jpg',0),(1663,45,'2015-08-27','','ftp://112.74.28.4/photoer/willing/works/IMG_9869.jpg',0),(1664,45,'2015-08-27','','ftp://112.74.28.4/photoer/willing/works/IMG_9874.jpg',100),(1665,45,'2015-08-27','','ftp://112.74.28.4/photoer/willing/works/IMG_9876.jpg',0),(1666,45,'2015-08-27','','ftp://112.74.28.4/photoer/willing/works/IMG_9882.jpg',0),(1667,45,'2015-08-27','','ftp://112.74.28.4/photoer/willing/works/IMG_9891.jpg',0),(1668,45,'2015-08-27','','ftp://112.74.28.4/photoer/willing/works/IMG_9893.jpg',100),(1669,45,'2015-08-27','','ftp://112.74.28.4/photoer/willing/works/IMG_9894.jpg',0),(1670,45,'2015-08-27','','ftp://112.74.28.4/photoer/willing/works/IMG_9895.jpg',0),(1671,45,'2015-08-27','','ftp://112.74.28.4/photoer/willing/works/IMG_9900.jpg',0),(1672,45,'2015-08-27','','ftp://112.74.28.4/photoer/willing/works/IMG_9911.jpg',0),(1673,45,'2015-08-27','','ftp://112.74.28.4/photoer/willing/works/IMG_9929.jpg',0),(1674,45,'2015-08-27','','ftp://112.74.28.4/photoer/willing/works/IMG_9932.jpg',0),(1675,45,'2015-08-27','','ftp://112.74.28.4/photoer/willing/works/IMG_9935.jpg',0),(1676,45,'2015-08-27','','ftp://112.74.28.4/photoer/willing/works/IMG_9944.jpg',0),(1677,45,'2015-08-27','','ftp://112.74.28.4/photoer/willing/works/IMG_9957.jpg',0),(1678,45,'2015-08-27','','ftp://112.74.28.4/photoer/willing/works/IMG_9960.jpg',0),(1679,45,'2015-08-27','','ftp://112.74.28.4/photoer/willing/works/IMG_9967.jpg',0),(1680,45,'2015-08-27','','ftp://112.74.28.4/photoer/willing/works/IMG_9969.jpg',0),(1681,45,'2015-08-27','','ftp://112.74.28.4/photoer/willing/works/IMG_9991.jpg',0),(1682,45,'2015-08-27','','ftp://112.74.28.4/photoer/willing/works/IMG_9993.jpg',0),(1683,45,'2015-08-27','','ftp://112.74.28.4/photoer/willing/works/IMG_9999.jpg',0),(1684,47,'2015-08-27','','ftp://112.74.28.4/photoer/leo/works/1DX_0023.jpg',100),(1685,47,'2015-08-27','','ftp://112.74.28.4/photoer/leo/works/1DX_0071.jpg',100),(1686,47,'2015-08-27','','ftp://112.74.28.4/photoer/leo/works/1DX_0134.jpg',0),(1687,47,'2015-08-27','','ftp://112.74.28.4/photoer/leo/works/1DX_1238.jpg',100),(1688,47,'2015-08-27','','ftp://112.74.28.4/photoer/leo/works/1DX_1326.jpg',0),(1689,47,'2015-08-27','','ftp://112.74.28.4/photoer/leo/works/1DX_2194.jpg',0),(1690,47,'2015-08-27','','ftp://112.74.28.4/photoer/leo/works/1DX_2198.jpg',0),(1691,47,'2015-08-27','','ftp://112.74.28.4/photoer/leo/works/1DX_2219.jpg',0),(1692,47,'2015-08-27','','ftp://112.74.28.4/photoer/leo/works/1DX_2223.jpg',0),(1693,47,'2015-08-27','','ftp://112.74.28.4/photoer/leo/works/1DX_2242.jpg',0),(1694,47,'2015-08-27','','ftp://112.74.28.4/photoer/leo/works/1DX_2260.jpg',0),(1695,47,'2015-08-27','','ftp://112.74.28.4/photoer/leo/works/1DX_3166.jpg',0),(1696,47,'2015-08-27','','ftp://112.74.28.4/photoer/leo/works/1DX_3380.jpg',0),(1697,47,'2015-08-27','','ftp://112.74.28.4/photoer/leo/works/1DX_3692.jpg',100),(1698,47,'2015-08-27','','ftp://112.74.28.4/photoer/leo/works/1DX_3695.jpg',0),(1699,47,'2015-08-27','','ftp://112.74.28.4/photoer/leo/works/1DX_4710.jpg',100),(1700,47,'2015-08-27','','ftp://112.74.28.4/photoer/leo/works/1DX_4717.jpg',100),(1701,47,'2015-08-27','','ftp://112.74.28.4/photoer/leo/works/1DX_4746.jpg',100),(1702,47,'2015-08-27','','ftp://112.74.28.4/photoer/leo/works/1DX_4751.jpg',0),(1703,47,'2015-08-27','','ftp://112.74.28.4/photoer/leo/works/1DX_5127.jpg',0),(1704,47,'2015-08-27','','ftp://112.74.28.4/photoer/leo/works/1DX_5853.jpg',0),(1705,47,'2015-08-27','','ftp://112.74.28.4/photoer/leo/works/1DX_5895.jpg',0),(1706,47,'2015-08-27','','ftp://112.74.28.4/photoer/leo/works/1DX_6006.jpg',0),(1707,47,'2015-08-27','','ftp://112.74.28.4/photoer/leo/works/1DX_6209.jpg',0),(1708,47,'2015-08-27','','ftp://112.74.28.4/photoer/leo/works/1DX_6338.jpg',0),(1709,47,'2015-08-27','','ftp://112.74.28.4/photoer/leo/works/1DX_6510.jpg',100),(1710,47,'2015-08-27','','ftp://112.74.28.4/photoer/leo/works/1DX_6588.jpg',100),(1711,47,'2015-08-27','','ftp://112.74.28.4/photoer/leo/works/1DX_6805.jpg',0),(1712,47,'2015-08-27','','ftp://112.74.28.4/photoer/leo/works/1DX_6844.jpg',0),(1713,47,'2015-08-27','','ftp://112.74.28.4/photoer/leo/works/1DX_6848.jpg',0),(1714,47,'2015-08-27','','ftp://112.74.28.4/photoer/leo/works/1DX_6860.jpg',0),(1715,47,'2015-08-27','','ftp://112.74.28.4/photoer/leo/works/1DX_6990.jpg',0),(1716,47,'2015-08-27','','ftp://112.74.28.4/photoer/leo/works/1DX_6999.jpg',0),(1717,47,'2015-08-27','','ftp://112.74.28.4/photoer/leo/works/1DX_7099.jpg',0),(1718,47,'2015-08-27','','ftp://112.74.28.4/photoer/leo/works/1DX_7114.jpg',100),(1719,47,'2015-08-27','','ftp://112.74.28.4/photoer/leo/works/1DX_7202.jpg',0),(1720,47,'2015-08-27','','ftp://112.74.28.4/photoer/leo/works/1DX_7280.jpg',0),(1721,47,'2015-08-27','','ftp://112.74.28.4/photoer/leo/works/1DX_7300.jpg',0),(1722,47,'2015-08-27','','ftp://112.74.28.4/photoer/leo/works/1DX_7387.jpg',0),(1723,47,'2015-08-27','','ftp://112.74.28.4/photoer/leo/works/1DX_7932.jpg',0),(1724,47,'2015-08-27','','ftp://112.74.28.4/photoer/leo/works/1DX_7962.jpg',0),(1725,47,'2015-08-27','','ftp://112.74.28.4/photoer/leo/works/1DX_7996.jpg',0),(1726,47,'2015-08-27','','ftp://112.74.28.4/photoer/leo/works/1DX_8234.jpg',0),(1727,47,'2015-08-27','','ftp://112.74.28.4/photoer/leo/works/1DX_8249.jpg',0),(1728,47,'2015-08-27','','ftp://112.74.28.4/photoer/leo/works/1DX_8254.jpg',100),(1729,47,'2015-08-27','','ftp://112.74.28.4/photoer/leo/works/1DX_8265.jpg',100),(1730,47,'2015-08-27','','ftp://112.74.28.4/photoer/leo/works/1DX_8329.jpg',0),(1731,47,'2015-08-27','','ftp://112.74.28.4/photoer/leo/works/1DX_8373.jpg',0),(1732,47,'2015-08-27','','ftp://112.74.28.4/photoer/leo/works/1DX_8391.jpg',0),(1733,47,'2015-08-27','','ftp://112.74.28.4/photoer/leo/works/1DX_8410.jpg',100),(1734,47,'2015-08-27','','ftp://112.74.28.4/photoer/leo/works/1DX_8453.jpg',100),(1735,47,'2015-08-27','','ftp://112.74.28.4/photoer/leo/works/1DX_8469.jpg',0),(1736,47,'2015-08-27','','ftp://112.74.28.4/photoer/leo/works/1DX_8470.jpg',100),(1737,47,'2015-08-27','','ftp://112.74.28.4/photoer/leo/works/5D3_0044.jpg',100),(1738,47,'2015-08-27','','ftp://112.74.28.4/photoer/leo/works/5D3_0148.jpg',100),(1739,47,'2015-08-27','','ftp://112.74.28.4/photoer/leo/works/5D3_0818.jpg',0),(1740,47,'2015-08-27','','ftp://112.74.28.4/photoer/leo/works/5D3_0900.jpg',0),(1741,47,'2015-08-27','','ftp://112.74.28.4/photoer/leo/works/5D3_0912.jpg',0),(1742,47,'2015-08-27','','ftp://112.74.28.4/photoer/leo/works/5D3_1052.jpg',100),(1743,47,'2015-08-27','','ftp://112.74.28.4/photoer/leo/works/5D3_1053.jpg',0),(1744,47,'2015-08-27','','ftp://112.74.28.4/photoer/leo/works/5D3_1080.jpg',0),(1745,47,'2015-08-27','','ftp://112.74.28.4/photoer/leo/works/5D3_1434.jpg',100),(1746,47,'2015-08-27','','ftp://112.74.28.4/photoer/leo/works/5D3_1441.jpg',0),(1747,47,'2015-08-27','','ftp://112.74.28.4/photoer/leo/works/5D3_1552.jpg',0),(1748,47,'2015-08-27','','ftp://112.74.28.4/photoer/leo/works/5D3_1578.jpg',0),(1749,47,'2015-08-27','','ftp://112.74.28.4/photoer/leo/works/5D3_1582.jpg',0),(1750,47,'2015-08-27','','ftp://112.74.28.4/photoer/leo/works/5D3_1594.jpg',100),(1751,47,'2015-08-27','','ftp://112.74.28.4/photoer/leo/works/5D3_1784.jpg',0),(1752,47,'2015-08-27','','ftp://112.74.28.4/photoer/leo/works/5D3_1792.jpg',100),(1753,47,'2015-08-27','','ftp://112.74.28.4/photoer/leo/works/5D3_1805.jpg',0),(1754,47,'2015-08-27','','ftp://112.74.28.4/photoer/leo/works/5D3_1812.jpg',0),(1755,47,'2015-08-27','','ftp://112.74.28.4/photoer/leo/works/5D3_5846.jpg',0),(1756,47,'2015-08-27','','ftp://112.74.28.4/photoer/leo/works/5D3_5864.jpg',0),(1757,47,'2015-08-27','','ftp://112.74.28.4/photoer/leo/works/5D3_6075.jpg',0),(1758,47,'2015-08-27','','ftp://112.74.28.4/photoer/leo/works/5D3_9617.jpg',100),(1759,47,'2015-08-27','','ftp://112.74.28.4/photoer/leo/works/5D3_9626.jpg',100),(1760,47,'2015-08-27','','ftp://112.74.28.4/photoer/leo/works/5D3_9839.jpg',100),(1761,47,'2015-08-27','','ftp://112.74.28.4/photoer/leo/works/5D3_9955.jpg',100),(1762,47,'2015-08-27','','ftp://112.74.28.4/photoer/leo/works/BP3K0004.jpg',100),(1763,47,'2015-08-27','','ftp://112.74.28.4/photoer/leo/works/BP3K0085.jpg',0),(1764,47,'2015-08-27','','ftp://112.74.28.4/photoer/leo/works/BP3K0190.jpg',0),(1765,47,'2015-08-27','','ftp://112.74.28.4/photoer/leo/works/BP3K2671.jpg',0),(1766,47,'2015-08-27','','ftp://112.74.28.4/photoer/leo/works/BP3K2675.jpg',0),(1767,47,'2015-08-27','','ftp://112.74.28.4/photoer/leo/works/BP3K2800.jpg',0),(1768,47,'2015-08-27','','ftp://112.74.28.4/photoer/leo/works/BP3K2815.jpg',0),(1769,47,'2015-08-27','','ftp://112.74.28.4/photoer/leo/works/BP3K3381.jpg',100),(1770,47,'2015-08-27','','ftp://112.74.28.4/photoer/leo/works/BP3K9977.jpg',0),(1771,47,'2015-08-27','','ftp://112.74.28.4/photoer/leo/works/BP3K9990.jpg',0),(1772,47,'2015-08-27','','ftp://112.74.28.4/photoer/leo/works/IMG_2689.jpg',0),(1773,47,'2015-08-27','','ftp://112.74.28.4/photoer/leo/works/IMG_2707.jpg',0),(1774,47,'2015-08-27','','ftp://112.74.28.4/photoer/leo/works/IMG_2708.jpg',100),(1775,47,'2015-08-27','','ftp://112.74.28.4/photoer/leo/works/IMG_2764.jpg',100),(1776,47,'2015-08-27','','ftp://112.74.28.4/photoer/leo/works/IMG_2774.jpg',0),(1777,47,'2015-08-27','','ftp://112.74.28.4/photoer/leo/works/IMG_2808.jpg',100),(1778,47,'2015-08-27','','ftp://112.74.28.4/photoer/leo/works/IMG_2816.jpg',0),(1779,47,'2015-08-27','','ftp://112.74.28.4/photoer/leo/works/IMG_2819.jpg',0),(1780,47,'2015-08-27','','ftp://112.74.28.4/photoer/leo/works/IMG_2839.jpg',0),(1781,47,'2015-08-27','','ftp://112.74.28.4/photoer/leo/works/IMG_2852.jpg',100),(1782,47,'2015-08-27','','ftp://112.74.28.4/photoer/leo/works/IMG_2858.jpg',100),(1783,47,'2015-08-27','','ftp://112.74.28.4/photoer/leo/works/IMG_2867.jpg',0),(1784,47,'2015-08-27','','ftp://112.74.28.4/photoer/leo/works/IMG_2876.jpg',0),(1785,47,'2015-08-27','','ftp://112.74.28.4/photoer/leo/works/IMG_2889.jpg',0),(1786,47,'2015-08-27','','ftp://112.74.28.4/photoer/leo/works/IMG_2895.jpg',0),(1787,47,'2015-08-27','','ftp://112.74.28.4/photoer/leo/works/IMG_2903.jpg',100),(1788,47,'2015-08-27','','ftp://112.74.28.4/photoer/leo/works/IMG_2911.jpg',0),(1789,47,'2015-08-27','','ftp://112.74.28.4/photoer/leo/works/IMG_2914.jpg',0),(1790,48,'2015-08-27','','ftp://112.74.28.4/photoer/lolo/works/0811_1.jpg',0),(1791,48,'2015-08-27','','ftp://112.74.28.4/photoer/lolo/works/0811_2.jpg',0),(1792,48,'2015-08-27','','ftp://112.74.28.4/photoer/lolo/works/0811_3.jpg',0),(1793,48,'2015-08-27','','ftp://112.74.28.4/photoer/lolo/works/0811_4.jpg',100),(1794,48,'2015-08-27','','ftp://112.74.28.4/photoer/lolo/works/0811_5.jpg',100),(1795,48,'2015-08-27','','ftp://112.74.28.4/photoer/lolo/works/10.jpg',100),(1796,48,'2015-08-27','','ftp://112.74.28.4/photoer/lolo/works/11.jpg',100),(1797,48,'2015-08-27','','ftp://112.74.28.4/photoer/lolo/works/12.jpg',100),(1798,48,'2015-08-27','','ftp://112.74.28.4/photoer/lolo/works/13.jpg',100),(1799,48,'2015-08-27','','ftp://112.74.28.4/photoer/lolo/works/14.jpg',0),(1800,48,'2015-08-27','','ftp://112.74.28.4/photoer/lolo/works/16.jpg',0),(1801,48,'2015-08-27','','ftp://112.74.28.4/photoer/lolo/works/17.jpg',100),(1802,48,'2015-08-27','','ftp://112.74.28.4/photoer/lolo/works/18.jpg',0),(1803,48,'2015-08-27','','ftp://112.74.28.4/photoer/lolo/works/19.jpg',0),(1804,48,'2015-08-27','','ftp://112.74.28.4/photoer/lolo/works/20131110-2013_11_10_IMG_6631-1.jpg',100),(1805,48,'2015-08-27','','ftp://112.74.28.4/photoer/lolo/works/20131110-2013_11_10_IMG_6637-2.jpg',100),(1806,48,'2015-08-27','','ftp://112.74.28.4/photoer/lolo/works/20131110-2013_11_10_IMG_6704-3.jpg',100),(1807,48,'2015-08-27','','ftp://112.74.28.4/photoer/lolo/works/20131110-2013_11_10_IMG_6761-4.jpg',100),(1808,48,'2015-08-27','','ftp://112.74.28.4/photoer/lolo/works/20131110-2013_11_10_IMG_6789-5.jpg',100),(1809,48,'2015-08-27','','ftp://112.74.28.4/photoer/lolo/works/20131110-2013_11_10_IMG_6825-6.jpg',100),(1810,48,'2015-08-27','','ftp://112.74.28.4/photoer/lolo/works/20131110-2013_11_10_IMG_6843-7.jpg',100),(1811,48,'2015-08-27','','ftp://112.74.28.4/photoer/lolo/works/20131110-2013_11_10_IMG_6884-8.jpg',0),(1812,48,'2015-08-27','','ftp://112.74.28.4/photoer/lolo/works/20131110-2013_11_10_IMG_6931-9.jpg',100),(1813,48,'2015-08-27','','ftp://112.74.28.4/photoer/lolo/works/20131110-2013_11_10_IMG_6934-10.jpg',0),(1814,48,'2015-08-27','','ftp://112.74.28.4/photoer/lolo/works/20131110-2013_11_10_IMG_6952-11.jpg',100),(1815,48,'2015-08-27','','ftp://112.74.28.4/photoer/lolo/works/20131110-2013_11_10_IMG_6964-12.jpg',100),(1816,48,'2015-08-27','','ftp://112.74.28.4/photoer/lolo/works/20131110-2013_11_10_IMG_6968-13.jpg',100),(1817,48,'2015-08-27','','ftp://112.74.28.4/photoer/lolo/works/20131110-2013_11_10_IMG_7005-14.jpg',0),(1818,48,'2015-08-27','','ftp://112.74.28.4/photoer/lolo/works/20131110-2013_11_10_IMG_7075-15.jpg',100),(1819,48,'2015-08-27','','ftp://112.74.28.4/photoer/lolo/works/20131110-2013_11_10_IMG_7089-16.jpg',100),(1820,48,'2015-08-27','','ftp://112.74.28.4/photoer/lolo/works/20131110-2013_11_10_IMG_7121-17.jpg',100),(1821,48,'2015-08-27','','ftp://112.74.28.4/photoer/lolo/works/20140126-2014_01_26_IMG_9113-18.jpg',100),(1822,48,'2015-08-27','','ftp://112.74.28.4/photoer/lolo/works/20140126-2014_01_26_IMG_9191(2)-19.jpg',100),(1823,48,'2015-08-27','','ftp://112.74.28.4/photoer/lolo/works/20140126-2014_01_26_IMG_9607-20.jpg',0),(1824,48,'2015-08-27','','ftp://112.74.28.4/photoer/lolo/works/20140126-2014_01_26_IMG_9655-21.jpg',100),(1825,48,'2015-08-27','','ftp://112.74.28.4/photoer/lolo/works/2014_09_14_IMG_9999_1-1-47.jpg',100),(1826,48,'2015-08-27','','ftp://112.74.28.4/photoer/lolo/works/2014_09_14_IMG_9999_125-233-48.jpg',100),(1827,48,'2015-08-27','','ftp://112.74.28.4/photoer/lolo/works/2014_09_14_IMG_9999_127-3-49.jpg',100),(1828,48,'2015-08-27','','ftp://112.74.28.4/photoer/lolo/works/2014_09_14_IMG_9999_146-2-50.jpg',100),(1829,48,'2015-08-27','','ftp://112.74.28.4/photoer/lolo/works/2014_09_14_IMG_9999_150-1-51.jpg',100),(1830,48,'2015-08-27','','ftp://112.74.28.4/photoer/lolo/works/2014_09_14_IMG_9999_159-1-52.jpg',100),(1831,48,'2015-08-27','','ftp://112.74.28.4/photoer/lolo/works/2014_09_14_IMG_9999_176-4-53.jpg',100),(1832,48,'2015-08-27','','ftp://112.74.28.4/photoer/lolo/works/2014_09_14_IMG_9999_184-1-54.jpg',100),(1833,48,'2015-08-27','','ftp://112.74.28.4/photoer/lolo/works/2014_09_14_IMG_9999_185-2-55.jpg',100),(1834,48,'2015-08-27','','ftp://112.74.28.4/photoer/lolo/works/2014_09_14_IMG_9999_189-3-56.jpg',100),(1835,48,'2015-08-27','','ftp://112.74.28.4/photoer/lolo/works/2014_09_14_IMG_9999_191-4-57.jpg',100),(1836,48,'2015-08-27','','ftp://112.74.28.4/photoer/lolo/works/2014_09_14_IMG_9999_201-5-58.jpg',100),(1837,48,'2015-08-27','','ftp://112.74.28.4/photoer/lolo/works/2015_01_06_IMG_9999_26-4-66.jpg',0),(1838,48,'2015-08-27','','ftp://112.74.28.4/photoer/lolo/works/2015_01_06_IMG_9999_29-6-68.jpg',0),(1839,48,'2015-08-27','','ftp://112.74.28.4/photoer/lolo/works/2015_01_28_IMG_9999_149-24-79.jpg',100),(1840,48,'2015-08-27','','ftp://112.74.28.4/photoer/lolo/works/2015_01_28_IMG_9999_183-28-80.jpg',100),(1841,48,'2015-08-27','','ftp://112.74.28.4/photoer/lolo/works/2015_01_28_IMG_9999_212-29-81.jpg',100),(1842,48,'2015-08-27','','ftp://112.74.28.4/photoer/lolo/works/2015_01_28_IMG_9999_26-31-77.jpg',100),(1843,48,'2015-08-27','','ftp://112.74.28.4/photoer/lolo/works/2015_01_28_IMG_9999_3-32-82.jpg',100),(1844,48,'2015-08-27','','ftp://112.74.28.4/photoer/lolo/works/2015_01_28_IMG_9999_34-33-78.jpg',100),(1845,48,'2015-08-27','','ftp://112.74.28.4/photoer/lolo/works/2015_05_13_IMG_9999_873-10-103.jpg',0),(1846,48,'2015-08-27','','ftp://112.74.28.4/photoer/lolo/works/20150607-20150607-IMG_0978-4-0.jpg',100),(1847,48,'2015-08-27','','ftp://112.74.28.4/photoer/lolo/works/2015_06_07_IMG_9999_1690-107.jpg',100),(1848,48,'2015-08-27','','ftp://112.74.28.4/photoer/lolo/works/2015_06_07_IMG_9999_171-109.jpg',100),(1849,48,'2015-08-27','','ftp://112.74.28.4/photoer/lolo/works/2015_06_07_IMG_9999_206-110.jpg',100),(1850,48,'2015-08-27','','ftp://112.74.28.4/photoer/lolo/works/2015_06_07_IMG_9999_276-111.jpg',100),(1851,48,'2015-08-27','','ftp://112.74.28.4/photoer/lolo/works/2015_06_07_IMG_9999_311-112.jpg',0),(1852,48,'2015-08-27','','ftp://112.74.28.4/photoer/lolo/works/2015_06_07_IMG_9999_397-113.jpg',100),(1853,48,'2015-08-27','','ftp://112.74.28.4/photoer/lolo/works/2015_06_07_IMG_9999_496-114.jpg',100),(1854,48,'2015-08-27','','ftp://112.74.28.4/photoer/lolo/works/2015_06_07_IMG_9999_82-108.jpg',100),(1855,48,'2015-08-27','','ftp://112.74.28.4/photoer/lolo/works/2015_06_08_IMG_9999_142-1-1-115.jpg',100),(1856,48,'2015-08-27','','ftp://112.74.28.4/photoer/lolo/works/2015_06_08_IMG_9999_158-5-3-116.jpg',0),(1857,48,'2015-08-27','','ftp://112.74.28.4/photoer/lolo/works/2015_06_08_IMG_9999_308-16-5-117.jpg',0),(1858,48,'2015-08-27','','ftp://112.74.28.4/photoer/lolo/works/2015_06_08_IMG_9999_360-9-118.jpg',100),(1859,48,'2015-08-27','','ftp://112.74.28.4/photoer/lolo/works/2015_06_08_IMG_9999_494-24-13-119.jpg',100),(1860,48,'2015-08-27','','ftp://112.74.28.4/photoer/lolo/works/2015_06_08_IMG_9999_500-25-14-120.jpg',100),(1861,48,'2015-08-27','','ftp://112.74.28.4/photoer/lolo/works/2015_06_08_IMG_9999_542-30-16-121.jpg',100),(1862,48,'2015-08-27','','ftp://112.74.28.4/photoer/lolo/works/20.jpg',0),(1863,48,'2015-08-27','','ftp://112.74.28.4/photoer/lolo/works/21.jpg',0),(1864,48,'2015-08-27','','ftp://112.74.28.4/photoer/lolo/works/22.jpg',0),(1865,48,'2015-08-27','','ftp://112.74.28.4/photoer/lolo/works/23.jpg',0),(1866,48,'2015-08-27','','ftp://112.74.28.4/photoer/lolo/works/24.jpg',100),(1867,48,'2015-08-27','','ftp://112.74.28.4/photoer/lolo/works/25.jpg',0),(1868,48,'2015-08-27','','ftp://112.74.28.4/photoer/lolo/works/26.jpg',0),(1869,48,'2015-08-27','','ftp://112.74.28.4/photoer/lolo/works/27.jpg',100),(1870,48,'2015-08-27','','ftp://112.74.28.4/photoer/lolo/works/29.jpg',100),(1871,48,'2015-08-27','','ftp://112.74.28.4/photoer/lolo/works/5.jpg.jpg',100),(1872,48,'2015-08-27','','ftp://112.74.28.4/photoer/lolo/works/6.jpg',100),(1873,48,'2015-08-27','','ftp://112.74.28.4/photoer/lolo/works/7.jpg',100),(1874,48,'2015-08-27','','ftp://112.74.28.4/photoer/lolo/works/8.jpg',100),(1875,48,'2015-08-27','','ftp://112.74.28.4/photoer/lolo/works/9.jpg',100),(1876,48,'2015-08-27','','ftp://112.74.28.4/photoer/lolo/works/IMG_0005_10-28.jpg',100),(1877,48,'2015-08-27','','ftp://112.74.28.4/photoer/lolo/works/IMG_0006_8-25.jpg',100),(1878,48,'2015-08-27','','ftp://112.74.28.4/photoer/lolo/works/IMG_0011_12-29.jpg',100),(1879,48,'2015-08-27','','ftp://112.74.28.4/photoer/lolo/works/IMG_0022-39.jpg',100),(1880,48,'2015-08-27','','ftp://112.74.28.4/photoer/lolo/works/IMG_0027-31.jpg',100),(1881,48,'2015-08-27','','ftp://112.74.28.4/photoer/lolo/works/IMG_0031_11-30.jpg',100),(1882,48,'2015-08-27','','ftp://112.74.28.4/photoer/lolo/works/IMG_0037_3-23.jpg',100),(1883,48,'2015-08-27','','ftp://112.74.28.4/photoer/lolo/works/IMG_0043-32.jpg',100),(1884,48,'2015-08-27','','ftp://112.74.28.4/photoer/lolo/works/IMG_0047-40.jpg',100),(1885,48,'2015-08-27','','ftp://112.74.28.4/photoer/lolo/works/IMG_0057_6-26.jpg',100),(1886,48,'2015-08-27','','ftp://112.74.28.4/photoer/lolo/works/IMG_0066-41.jpg',100),(1887,48,'2015-08-27','','ftp://112.74.28.4/photoer/lolo/works/IMG_0076_3-24.jpg',100),(1888,48,'2015-08-27','','ftp://112.74.28.4/photoer/lolo/works/IMG_0090-42.jpg',100),(1889,48,'2015-08-27','','ftp://112.74.28.4/photoer/lolo/works/IMG_0095_1-22.jpg',100),(1890,48,'2015-08-27','','ftp://112.74.28.4/photoer/lolo/works/IMG_0099_6-27.jpg',100),(1891,48,'2015-08-27','','ftp://112.74.28.4/photoer/lolo/works/IMG_0107-33.jpg',100),(1892,48,'2015-08-27','','ftp://112.74.28.4/photoer/lolo/works/IMG_0134-34.jpg',100),(1893,48,'2015-08-27','','ftp://112.74.28.4/photoer/lolo/works/IMG_0142-43.jpg',100),(1894,48,'2015-08-27','','ftp://112.74.28.4/photoer/lolo/works/IMG_0144-35.jpg',100),(1895,48,'2015-08-27','','ftp://112.74.28.4/photoer/lolo/works/IMG_0303-36.jpg',100),(1896,48,'2015-08-27','','ftp://112.74.28.4/photoer/lolo/works/IMG_0332-37.jpg',100),(1897,48,'2015-08-27','','ftp://112.74.28.4/photoer/lolo/works/IMG_0358-38.jpg',100),(1898,48,'2015-08-27','','ftp://112.74.28.4/photoer/lolo/works/IMG_0363-1-44.jpg',100),(1899,48,'2015-08-27','','ftp://112.74.28.4/photoer/lolo/works/IMG_0675-3-45.jpg',100),(1900,48,'2015-08-27','','ftp://112.74.28.4/photoer/lolo/works/IMG_0683-4-46.jpg',100),(1901,48,'2015-08-27','','ftp://112.74.28.4/photoer/lolo/works/jbd10.jpg',0),(1902,48,'2015-08-27','','ftp://112.74.28.4/photoer/lolo/works/jbd11.jpg',0),(1903,48,'2015-08-27','','ftp://112.74.28.4/photoer/lolo/works/jbd12.jpg',0),(1904,48,'2015-08-27','','ftp://112.74.28.4/photoer/lolo/works/jbd1.jpg',0),(1905,48,'2015-08-27','','ftp://112.74.28.4/photoer/lolo/works/jbd2.jpg',0),(1906,48,'2015-08-27','','ftp://112.74.28.4/photoer/lolo/works/jbd3.jpg',0),(1907,48,'2015-08-27','','ftp://112.74.28.4/photoer/lolo/works/jbd4.jpg',0),(1908,48,'2015-08-27','','ftp://112.74.28.4/photoer/lolo/works/jbd5.jpg',0),(1909,48,'2015-08-27','','ftp://112.74.28.4/photoer/lolo/works/jbd6.jpg',0),(1910,48,'2015-08-27','','ftp://112.74.28.4/photoer/lolo/works/jbd7.jpg',0),(1911,48,'2015-08-27','','ftp://112.74.28.4/photoer/lolo/works/jbd8.jpg',0),(1912,48,'2015-08-27','','ftp://112.74.28.4/photoer/lolo/works/jbd9.jpg',0),(1913,48,'2015-08-27','','ftp://112.74.28.4/photoer/lolo/works/LOLO4909-2-122.jpg',100),(1914,48,'2015-08-27','','ftp://112.74.28.4/photoer/lolo/works/LOLO4949-4-123.jpg',100),(1915,48,'2015-08-27','','ftp://112.74.28.4/photoer/lolo/works/q1.jpg',0),(1916,48,'2015-08-27','','ftp://112.74.28.4/photoer/lolo/works/q2.jpg',0),(1917,48,'2015-08-27','','ftp://112.74.28.4/photoer/lolo/works/q3.jpg',0),(1918,48,'2015-08-27','','ftp://112.74.28.4/photoer/lolo/works/q4.jpg',0),(1919,48,'2015-08-27','','ftp://112.74.28.4/photoer/lolo/works/q5.jpg',0),(1920,48,'2015-08-27','','ftp://112.74.28.4/photoer/lolo/works/q6.jpg',0),(1921,48,'2015-08-27','','ftp://112.74.28.4/photoer/lolo/works/q7.jpg',0),(1922,48,'2015-08-27','','ftp://112.74.28.4/photoer/lolo/works/s10.jpg',0),(1923,48,'2015-08-27','','ftp://112.74.28.4/photoer/lolo/works/s1.jpg',0),(1924,48,'2015-08-27','','ftp://112.74.28.4/photoer/lolo/works/s2.jpg',0),(1925,48,'2015-08-27','','ftp://112.74.28.4/photoer/lolo/works/s3.jpg',0),(1926,48,'2015-08-27','','ftp://112.74.28.4/photoer/lolo/works/s4.jpg',0),(1927,48,'2015-08-27','','ftp://112.74.28.4/photoer/lolo/works/s5.jpg',0),(1928,48,'2015-08-27','','ftp://112.74.28.4/photoer/lolo/works/s6.jpg',0),(1929,48,'2015-08-27','','ftp://112.74.28.4/photoer/lolo/works/s7.jpg',0),(1930,48,'2015-08-27','','ftp://112.74.28.4/photoer/lolo/works/s8.jpg',0),(1931,48,'2015-08-27','','ftp://112.74.28.4/photoer/lolo/works/s9.jpg',0),(1932,49,'2015-08-27','','ftp://112.74.28.4/photoer/kevin/works/20150403220458.png',100),(1933,49,'2015-08-27','','ftp://112.74.28.4/photoer/kevin/works/20150403220508.png',100),(1934,49,'2015-08-27','','ftp://112.74.28.4/photoer/kevin/works/20150403220527.png',100),(1935,49,'2015-08-27','','ftp://112.74.28.4/photoer/kevin/works/20150403220543.png',100),(1936,49,'2015-08-27','','ftp://112.74.28.4/photoer/kevin/works/20150403221303.png',100),(1937,49,'2015-08-27','','ftp://112.74.28.4/photoer/kevin/works/20150403221531.png',100),(1938,49,'2015-08-27','','ftp://112.74.28.4/photoer/kevin/works/20150628124111.png',100),(1939,49,'2015-08-27','','ftp://112.74.28.4/photoer/kevin/works/20150628124959.png',100),(1940,49,'2015-08-27','','ftp://112.74.28.4/photoer/kevin/works/3.jpg',100),(1941,50,'2015-08-27','','ftp://112.74.28.4/photoer/amen/works/bingyutang.jpg',0),(1942,50,'2015-08-27','','ftp://112.74.28.4/photoer/amen/works/conghua.jpg',0),(1943,50,'2015-08-27','','ftp://112.74.28.4/photoer/amen/works/dafushan2.jpg',0),(1944,50,'2015-08-27','','ftp://112.74.28.4/photoer/amen/works/dafushan.jpg',0),(1945,50,'2015-08-27','','ftp://112.74.28.4/photoer/amen/works/gucunhelou.jpg',0),(1946,50,'2015-08-27','','ftp://112.74.28.4/photoer/amen/works/juhuahui.jpg',0),(1947,50,'2015-08-27','','ftp://112.74.28.4/photoer/amen/works/kaipingdiaolou.jpg',0),(1948,50,'2015-08-27','','ftp://112.74.28.4/photoer/amen/works/kaipingguzhen2.jpg',0),(1949,50,'2015-08-27','','ftp://112.74.28.4/photoer/amen/works/kaipingguzhen.jpg',0),(1950,50,'2015-08-27','','ftp://112.74.28.4/photoer/amen/works/kaipingzili.jpg',0),(1951,50,'2015-08-27','','ftp://112.74.28.4/photoer/amen/works/longtan.jpg',0),(1952,50,'2015-08-27','','ftp://112.74.28.4/photoer/amen/works/macau_hall.jpg',0),(1953,50,'2015-08-27','','ftp://112.74.28.4/photoer/amen/works/macau_night.jpg',0),(1954,50,'2015-08-27','','ftp://112.74.28.4/photoer/amen/works/meizhoudapu2.jpg',0),(1955,50,'2015-08-27','','ftp://112.74.28.4/photoer/amen/works/meizhoudapu.jpg',0),(1956,50,'2015-08-27','','ftp://112.74.28.4/photoer/amen/works/panyu.jpg',0),(1957,50,'2015-08-27','','ftp://112.74.28.4/photoer/amen/works/qingyuanshizihu.jpg',0),(1958,50,'2015-08-27','','ftp://112.74.28.4/photoer/amen/works/ronggui.jpg',0),(1959,50,'2015-08-27','','ftp://112.74.28.4/photoer/amen/works/shunfengshan2.jpg',0),(1960,50,'2015-08-27','','ftp://112.74.28.4/photoer/amen/works/shunfengshan3.jpg',0),(1961,50,'2015-08-27','','ftp://112.74.28.4/photoer/amen/works/shunfengshan.jpg',0);
/*!40000 ALTER TABLE `photoer_works` ENABLE KEYS */;
UNLOCK TABLES;

--
-- Table structure for table `tb_act_cms_right`
--

DROP TABLE IF EXISTS `tb_act_cms_right`;
/*!40101 SET @saved_cs_client     = @@character_set_client */;
/*!40101 SET character_set_client = utf8 */;
CREATE TABLE `tb_act_cms_right` (
  `ID` int(11) NOT NULL AUTO_INCREMENT,
  `RIGHT_ID` int(11) DEFAULT NULL,
  `NAME` varchar(20) DEFAULT NULL,
  `URL` varchar(150) DEFAULT NULL,
  `MATCH_OPER` varchar(150) DEFAULT NULL COMMENT 'ê1ó??y?ò±í′?ê??￥????ó|μ?actionàà',
  `MEMO` varchar(150) DEFAULT NULL,
  PRIMARY KEY (`ID`),
  KEY `FKE2F738286914DAF0` (`RIGHT_ID`)
) ENGINE=MyISAM AUTO_INCREMENT=58 DEFAULT CHARSET=utf8;
/*!40101 SET character_set_client = @saved_cs_client */;

--
-- Dumping data for table `tb_act_cms_right`
--

LOCK TABLES `tb_act_cms_right` WRITE;
/*!40000 ALTER TABLE `tb_act_cms_right` DISABLE KEYS */;
INSERT INTO `tb_act_cms_right` VALUES (1,NULL,'系统管理','','','系统管理菜单'),(11,1,'角色管理','/system/role.action','/system/role','角色管理页面.'),(12,1,'用户管理','/system/user.action','/system/user','用户管理页面'),(10,1,'权限管理','/system/right.action','/system-manager/right',NULL),(57,42,'化妆师作品管理','/romantic/makeup-works.action','/romantic/makeup-works','填写此权限的描述性文字.'),(56,42,'化妆师管理','/romantic/makeup-makeer.action','/romantic/makeup-makeer','填写此权限的描述性文字.'),(54,42,'摄影师作品管理','/romantic/photoer-works.action','/romantic/photoer-works','填写此权限的描述性文字.'),(55,42,'摄影师管理','/romantic/photoer.action','/romantic/photoer','填写此权限的描述性文字.'),(42,NULL,'pcbs','/','/','填写此权限的描述性文字.'),(45,1,'ip限制管理','/system/ip-filter.action','/system/ip-filter','填写此权限的描述性文字.'),(53,42,'客户留言管理','/romantic/message2.action','/romantic/message2','test');
/*!40000 ALTER TABLE `tb_act_cms_right` ENABLE KEYS */;
UNLOCK TABLES;

--
-- Table structure for table `tb_act_cms_role`
--

DROP TABLE IF EXISTS `tb_act_cms_role`;
/*!40101 SET @saved_cs_client     = @@character_set_client */;
/*!40101 SET character_set_client = utf8 */;
CREATE TABLE `tb_act_cms_role` (
  `ID` int(11) NOT NULL AUTO_INCREMENT,
  `NAME` varchar(20) DEFAULT NULL,
  `MEMO` varchar(150) DEFAULT NULL,
  PRIMARY KEY (`ID`)
) ENGINE=MyISAM AUTO_INCREMENT=3 DEFAULT CHARSET=utf8;
/*!40101 SET character_set_client = @saved_cs_client */;

--
-- Dumping data for table `tb_act_cms_role`
--

LOCK TABLES `tb_act_cms_role` WRITE;
/*!40000 ALTER TABLE `tb_act_cms_role` DISABLE KEYS */;
INSERT INTO `tb_act_cms_role` VALUES (1,'管理员','管理员'),(2,'渠道','');
/*!40000 ALTER TABLE `tb_act_cms_role` ENABLE KEYS */;
UNLOCK TABLES;

--
-- Table structure for table `tb_act_cms_rs_role_right`
--

DROP TABLE IF EXISTS `tb_act_cms_rs_role_right`;
/*!40101 SET @saved_cs_client     = @@character_set_client */;
/*!40101 SET character_set_client = utf8 */;
CREATE TABLE `tb_act_cms_rs_role_right` (
  `RIGHT_ID` int(11) NOT NULL,
  `ROLE_ID` int(11) NOT NULL,
  PRIMARY KEY (`ROLE_ID`,`RIGHT_ID`),
  KEY `FKC4AC23DDECDD7884` (`ROLE_ID`),
  KEY `FKC4AC23DD6914DAF0` (`RIGHT_ID`)
) ENGINE=MyISAM DEFAULT CHARSET=utf8;
/*!40101 SET character_set_client = @saved_cs_client */;

--
-- Dumping data for table `tb_act_cms_rs_role_right`
--

LOCK TABLES `tb_act_cms_rs_role_right` WRITE;
/*!40000 ALTER TABLE `tb_act_cms_rs_role_right` DISABLE KEYS */;
INSERT INTO `tb_act_cms_rs_role_right` VALUES (1,1),(10,1),(11,1),(12,1),(42,1),(45,1),(53,1),(54,1),(55,1),(56,1),(57,1);
/*!40000 ALTER TABLE `tb_act_cms_rs_role_right` ENABLE KEYS */;
UNLOCK TABLES;

--
-- Table structure for table `tb_act_cms_user`
--

DROP TABLE IF EXISTS `tb_act_cms_user`;
/*!40101 SET @saved_cs_client     = @@character_set_client */;
/*!40101 SET character_set_client = utf8 */;
CREATE TABLE `tb_act_cms_user` (
  `ID` int(11) NOT NULL AUTO_INCREMENT,
  `ROLE_ID` int(11) DEFAULT NULL,
  `ACCOUNT` varchar(40) DEFAULT NULL,
  `NAME` varchar(20) DEFAULT NULL,
  `PASSWD` varchar(32) DEFAULT NULL,
  `PHONE` varchar(14) DEFAULT NULL,
  `EMAIL` varchar(30) DEFAULT NULL,
  `CREATE_TIME` datetime DEFAULT NULL,
  `LAST_LOGIN_TIME` datetime DEFAULT NULL,
  `STATE` int(11) DEFAULT NULL,
  `MEMO` varchar(150) DEFAULT NULL,
  `CITY_CODE` varchar(4) DEFAULT NULL,
  `RECEIVE_SMS` int(11) DEFAULT NULL,
  `pnList` text,
  `cpayid` varchar(50) DEFAULT NULL,
  `gameid` varchar(50) DEFAULT NULL,
  PRIMARY KEY (`ID`),
  KEY `FK622A843FECDD7884` (`ROLE_ID`)
) ENGINE=MyISAM AUTO_INCREMENT=18 DEFAULT CHARSET=utf8;
/*!40101 SET character_set_client = @saved_cs_client */;

--
-- Dumping data for table `tb_act_cms_user`
--

LOCK TABLES `tb_act_cms_user` WRITE;
/*!40000 ALTER TABLE `tb_act_cms_user` DISABLE KEYS */;
INSERT INTO `tb_act_cms_user` VALUES (1,1,'admin','admin','1b115d01a16bf363a8da2f588b3a0297','13126478100','','2012-07-02 16:11:22','2015-10-12 23:30:30',1,'','',3,'','gzmanwei','hanghaidashidaien'),(15,1,'jifenglieren','jifenglieren','c248ab4ac07969bd3360de9b9fa094b6',NULL,NULL,'2015-07-16 09:34:13','2015-07-16 09:34:26',1,NULL,NULL,NULL,'com.hunter.storm.hy!@#jd001','gzshenhai','jifenglieren'),(14,2,'dianyi_sgc','dianyi_sgc','42d15fb96dce9c6f8a5e8bca934ca929',NULL,NULL,'2015-01-23 10:05:26','2015-01-23 11:17:15',1,NULL,NULL,NULL,'aa','aa','aa'),(13,1,'test','test','098f6bcd4621d373cade4e832627b4f6',NULL,NULL,'2015-01-05 15:15:37','2015-01-05 15:15:49',1,NULL,NULL,NULL,'','',''),(16,1,'jiezhaobalvbu','jiezhaobalvbu','6c7cb519d8d7cf8ac8c1d772b494ac7b',NULL,NULL,'2015-07-16 10:24:43','2015-07-17 17:21:00',1,NULL,NULL,NULL,'com.give.zhao.yb!@#jd001','twfeiyu','jiezhaobalvbu'),(17,1,'sanguoce','sanguoce','b1cdf3712cd6f2e5112d58dd0b91797b',NULL,NULL,'2015-07-17 14:37:22','2015-07-17 17:23:29',1,NULL,NULL,NULL,'com.sgc.jdgl!@#qcsg_004,com.ej.plsj!@#qcsg_006,com.ej.plsg!@#qcsg_007,com.ej.zstx!@#qcsg_009,com.ej.fyws!@#qcsg_010,com.ce.sg!@#qcsg_011,com.sanguo.ce.gp!@#qcsg_012,com.full.wildness!@#qcsg_013,com.zs.sanguo2!@#qcsg_014','szransi','sanguoshijie');
/*!40000 ALTER TABLE `tb_act_cms_user` ENABLE KEYS */;
UNLOCK TABLES;

--
-- Table structure for table `tb_act_result_code`
--

DROP TABLE IF EXISTS `tb_act_result_code`;
/*!40101 SET @saved_cs_client     = @@character_set_client */;
/*!40101 SET character_set_client = utf8 */;
CREATE TABLE `tb_act_result_code` (
  `CREATE_DATE` datetime DEFAULT NULL,
  `MEMO` varchar(500) DEFAULT NULL,
  `ERROR_TEXT` varchar(200) DEFAULT NULL,
  `CONSTANT_NAME` varchar(200) DEFAULT NULL,
  `RESULT_CODE` int(11) NOT NULL,
  PRIMARY KEY (`RESULT_CODE`)
) ENGINE=MyISAM DEFAULT CHARSET=utf8;
/*!40101 SET character_set_client = @saved_cs_client */;

--
-- Dumping data for table `tb_act_result_code`
--

LOCK TABLES `tb_act_result_code` WRITE;
/*!40000 ALTER TABLE `tb_act_result_code` DISABLE KEYS */;
INSERT INTO `tb_act_result_code` VALUES ('2012-03-23 14:10:56','系统内部错误,当错误不确定,或不可预料的错误发生时抛出','系统内部错误','SYS_INTERNAL_ERROR',1),('2012-03-23 14:11:39','登陆时检查用户账号不存在.','账号不存在','LOGIN_ACCOUNT_NOT_FOUND',100),('2012-03-23 14:13:38','系统登陆时,账号密码不正确.','账号密码错误','LOGIN_ACCOUNT_PASSWORD_ERROR',101),('2012-03-23 14:17:09','用户页面闲置太久导致Session已超时,此时访问需要登陆才可访问的资源,会抛出该消息.','登陆超时','LOGIN_TIMEOUT',102),('2012-03-23 14:17:42','用户修改自己的密码,旧的密码不正确时抛出','旧密码错误','OLD_PASSWORD_ERROR',103),('2012-03-23 14:21:20','尝试访问未被授权的资源时抛出','非法访问 ','AUTH_ILLEGAL_ACCESS',104),('2012-03-23 14:21:11','尝试访问未被授权的功能时抛出','鉴权失败','AUTH_FAIL',105),('2012-03-23 14:21:52','登陆时,账号或密码为空','账号或密码为空','LOGIN_ACCOUNT_OR_PASSWORD_BLANK',106),('2012-05-09 16:41:39','删除使用中的权限时','被引用的权限未能删除成功','RIGHT_DELETE_IN_USED',107),('2012-05-09 16:41:06','删除使用中的角色时','被引用的角色未能删除成功','ROLE_DELETE_IN_USED',108),('2012-05-16 11:40:07','删除有文章的栏目时','被引用的栏目未能删除成功','CATEGORY_DELETE_IN_USED',109),('2012-05-16 11:40:37','删除有文章的用户或删除超级管理员时','被引用的用户未能删除成功','CMS_USER_DELETE_IN_USED',110),('2012-06-13 10:33:30','上传文件时超出允许大小时','你上传的文件超过允许的大小','FILE_UPLOAD_SIZE_LIMIT_EXCEEDED',111);
/*!40000 ALTER TABLE `tb_act_result_code` ENABLE KEYS */;
UNLOCK TABLES;

--
-- Table structure for table `tb_act_user`
--

DROP TABLE IF EXISTS `tb_act_user`;
/*!40101 SET @saved_cs_client     = @@character_set_client */;
/*!40101 SET character_set_client = utf8 */;
CREATE TABLE `tb_act_user` (
  `id` bigint(10) NOT NULL AUTO_INCREMENT,
  `name` varchar(20) DEFAULT NULL COMMENT '用户姓名',
  `user_mdn` varchar(20) DEFAULT NULL COMMENT '手机号码',
  `answer` varchar(200) DEFAULT NULL COMMENT '选择题答案：1A,2B,3ABC...这样的格式记录用户的答案',
  `suggest` varchar(1000) DEFAULT NULL COMMENT '户用的建议',
  `create_time` datetime DEFAULT NULL,
  PRIMARY KEY (`id`)
) ENGINE=InnoDB AUTO_INCREMENT=61 DEFAULT CHARSET=utf8;
/*!40101 SET character_set_client = @saved_cs_client */;

--
-- Dumping data for table `tb_act_user`
--

LOCK TABLES `tb_act_user` WRITE;
/*!40000 ALTER TABLE `tb_act_user` DISABLE KEYS */;
INSERT INTO `tb_act_user` VALUES (50,'奋斗奋斗','13122112211','1A,2A,3A,4A,6B,7B','反对反对撒发生大幅度所发生的放松放松放松的方式的防守对方是否萨芬斯蒂芬斯蒂芬斯蒂芬斯蒂芬反对反对撒发生大幅度所发生的放松放松放松的方式的防守对方是否萨芬斯蒂芬斯蒂芬斯蒂芬斯蒂芬反对反对撒发生大幅度所发生的放松放松放松的方式的防守对方是否萨芬斯蒂芬斯蒂芬斯蒂芬斯蒂芬反对反对撒发生大幅度所发生的放松放松放松的方式的防守对方是否萨芬斯蒂芬斯蒂芬斯蒂芬斯蒂芬','2013-07-29 16:26:42'),(55,'才宣布您','13126478521','1B,2B,3B,4BC,5C,7B,8C,9C,10C','发呆发呆发呆','2013-07-29 16:35:46'),(57,'扎错','15312312121','1A,2B,3A,4A,5B,6A,7B,8A,9A,10A',NULL,'2013-07-29 17:38:47'),(58,'fddfd','13122112211',',9C','fdfd','2013-07-30 10:41:01'),(59,'fdfdfs','13112222212','9D','vfdsfds','2013-07-30 10:56:11'),(60,'xx','11','a','suggestsss','2013-07-29 16:26:42');
/*!40000 ALTER TABLE `tb_act_user` ENABLE KEYS */;
UNLOCK TABLES;

--
-- Table structure for table `tb_user`
--

DROP TABLE IF EXISTS `tb_user`;
/*!40101 SET @saved_cs_client     = @@character_set_client */;
/*!40101 SET character_set_client = utf8 */;
CREATE TABLE `tb_user` (
  `id` int(11) NOT NULL AUTO_INCREMENT,
  `username` varchar(16) DEFAULT NULL,
  `password` varchar(16) DEFAULT NULL,
  `repassword` varchar(16) DEFAULT NULL,
  PRIMARY KEY (`id`)
) ENGINE=InnoDB DEFAULT CHARSET=utf8;
/*!40101 SET character_set_client = @saved_cs_client */;

--
-- Dumping data for table `tb_user`
--

LOCK TABLES `tb_user` WRITE;
/*!40000 ALTER TABLE `tb_user` DISABLE KEYS */;
/*!40000 ALTER TABLE `tb_user` ENABLE KEYS */;
UNLOCK TABLES;

--
-- Table structure for table `tb_userinfo`
--

DROP TABLE IF EXISTS `tb_userinfo`;
/*!40101 SET @saved_cs_client     = @@character_set_client */;
/*!40101 SET character_set_client = utf8 */;
CREATE TABLE `tb_userinfo` (
  `id` int(11) NOT NULL AUTO_INCREMENT,
  `username` varchar(16) DEFAULT NULL,
  `email` varchar(30) DEFAULT NULL,
  `password` varchar(16) DEFAULT NULL,
  `repassword` varchar(16) DEFAULT NULL,
  `status` int(255) DEFAULT NULL,
  PRIMARY KEY (`id`)
) ENGINE=InnoDB DEFAULT CHARSET=utf8;
/*!40101 SET character_set_client = @saved_cs_client */;

--
-- Dumping data for table `tb_userinfo`
--

LOCK TABLES `tb_userinfo` WRITE;
/*!40000 ALTER TABLE `tb_userinfo` DISABLE KEYS */;
/*!40000 ALTER TABLE `tb_userinfo` ENABLE KEYS */;
UNLOCK TABLES;
/*!40103 SET TIME_ZONE=@OLD_TIME_ZONE */;

/*!40101 SET SQL_MODE=@OLD_SQL_MODE */;
/*!40014 SET FOREIGN_KEY_CHECKS=@OLD_FOREIGN_KEY_CHECKS */;
/*!40014 SET UNIQUE_CHECKS=@OLD_UNIQUE_CHECKS */;
/*!40101 SET CHARACTER_SET_CLIENT=@OLD_CHARACTER_SET_CLIENT */;
/*!40101 SET CHARACTER_SET_RESULTS=@OLD_CHARACTER_SET_RESULTS */;
/*!40101 SET COLLATION_CONNECTION=@OLD_COLLATION_CONNECTION */;
/*!40111 SET SQL_NOTES=@OLD_SQL_NOTES */;

-- Dump completed on 2015-11-30 19:06:24
